K,threshold_index,fpr,tpr
0,0,0.0,1.0
0,1,0.004073319755600814,1.0
0,2,0.004073319755600814,1.0
0,3,0.006109979633401222,1.0
0,4,0.008146639511201629,1.0
0,5,0.012219959266802444,1.0
0,6,0.012219959266802444,1.0
0,7,0.012219959266802444,1.0
0,8,0.012219959266802444,1.0
0,9,0.014256619144602852,1.0
0,10,0.014256619144602852,1.0
0,11,0.016293279022403257,1.0
0,12,0.016293279022403257,1.0
0,13,0.016293279022403257,1.0
0,14,0.02240325865580448,1.0
0,15,0.026476578411405296,1.0
0,16,0.026476578411405296,1.0
0,17,0.028513238289205704,1.0
0,18,0.034623217922606926,1.0
0,19,0.034623217922606926,1.0
0,20,0.034623217922606926,1.0
0,21,0.03665987780040733,1.0
0,22,0.038696537678207736,1.0
0,23,0.04480651731160896,1.0
0,24,0.05295315682281059,1.0
0,25,0.06517311608961303,1.0
0,26,0.06924643584521385,1.0
0,27,0.07331975560081466,1.0
0,28,0.07942973523421588,1.0
0,29,0.0855397148676171,1.0
0,30,0.09775967413441955,1.0
0,31,0.109979633401222,1.0
0,32,0.12016293279022404,1.0
0,33,0.14052953156822812,1.0
0,34,0.15071283095723015,1.0
0,35,0.15478615071283094,1.0
0,36,0.1710794297352342,1.0
0,37,0.19959266802443992,1.0
0,38,0.21181262729124237,1.0
0,39,0.23217922606924643,1.0
0,40,0.2525458248472505,1.0
0,41,0.2790224032586558,1.0
0,42,0.3014256619144603,1.0
0,43,0.3360488798370672,1.0
0,44,0.3543788187372709,1.0
0,45,0.39918533604887985,1.0
0,46,0.4317718940936864,1.0
0,47,0.4725050916496945,1.0
0,48,0.5682281059063137,1.0
0,49,0.9918533604887984,1.0
1,0,0.0,0.0
1,1,0.004073319755600814,0.3333333333333333
1,2,0.004073319755600814,0.3333333333333333
1,3,0.006109979633401222,0.4444444444444444
1,4,0.008146639511201629,0.5555555555555556
1,5,0.012219959266802444,0.5555555555555556
1,6,0.012219959266802444,0.5555555555555556
1,7,0.012219959266802444,0.6666666666666666
1,8,0.012219959266802444,0.6666666666666666
1,9,0.014256619144602852,0.7777777777777778
1,10,0.014256619144602852,0.7777777777777778
1,11,0.016293279022403257,0.7777777777777778
1,12,0.016293279022403257,0.7777777777777778
1,13,0.016293279022403257,0.7777777777777778
1,14,0.02240325865580448,0.7777777777777778
1,15,0.026476578411405296,0.7777777777777778
1,16,0.026476578411405296,0.8888888888888888
1,17,0.028513238289205704,0.8888888888888888
1,18,0.034623217922606926,0.8888888888888888
1,19,0.034623217922606926,0.8888888888888888
1,20,0.034623217922606926,0.8888888888888888
1,21,0.03665987780040733,0.8888888888888888
1,22,0.038696537678207736,0.8888888888888888
1,23,0.04480651731160896,0.8888888888888888
1,24,0.05295315682281059,0.8888888888888888
1,25,0.06517311608961303,0.8888888888888888
1,26,0.06924643584521385,0.8888888888888888
1,27,0.07331975560081466,0.8888888888888888
1,28,0.07942973523421588,0.8888888888888888
1,29,0.0855397148676171,0.8888888888888888
1,30,0.09775967413441955,0.8888888888888888
1,31,0.109979633401222,0.8888888888888888
1,32,0.12016293279022404,0.8888888888888888
1,33,0.14052953156822812,0.8888888888888888
1,34,0.15071283095723015,0.8888888888888888
1,35,0.15478615071283094,0.8888888888888888
1,36,0.1710794297352342,0.8888888888888888
1,37,0.19959266802443992,0.8888888888888888
1,38,0.21181262729124237,0.8888888888888888
1,39,0.23217922606924643,0.8888888888888888
1,40,0.2525458248472505,0.8888888888888888
1,41,0.2790224032586558,0.8888888888888888
1,42,0.3014256619144603,0.8888888888888888
1,43,0.3360488798370672,0.8888888888888888
1,44,0.3543788187372709,0.8888888888888888
1,45,0.39918533604887985,0.8888888888888888
1,46,0.4317718940936864,0.8888888888888888
1,47,0.4725050916496945,0.8888888888888888
1,48,0.5682281059063137,1.0
1,49,0.9918533604887984,1.0
2,0,0.0,0.0
2,1,0.004073319755600814,0.3333333333333333
2,2,0.004073319755600814,0.3333333333333333
2,3,0.006109979633401222,0.4444444444444444
2,4,0.008146639511201629,0.5555555555555556
2,5,0.012219959266802444,0.5555555555555556
2,6,0.012219959266802444,0.5555555555555556
2,7,0.012219959266802444,0.6666666666666666
2,8,0.012219959266802444,0.6666666666666666
2,9,0.014256619144602852,0.7777777777777778
2,10,0.014256619144602852,0.7777777777777778
2,11,0.016293279022403257,0.7777777777777778
2,12,0.016293279022403257,0.7777777777777778
2,13,0.016293279022403257,0.7777777777777778
2,14,0.02240325865580448,0.7777777777777778
2,15,0.026476578411405296,0.7777777777777778
2,16,0.026476578411405296,0.8888888888888888
2,17,0.028513238289205704,0.8888888888888888
2,18,0.034623217922606926,0.8888888888888888
2,19,0.034623217922606926,0.8888888888888888
2,20,0.034623217922606926,0.8888888888888888
2,21,0.03665987780040733,0.8888888888888888
2,22,0.038696537678207736,0.8888888888888888
2,23,0.04480651731160896,0.8888888888888888
2,24,0.05295315682281059,0.8888888888888888
2,25,0.06517311608961303,0.8888888888888888
2,26,0.06924643584521385,0.8888888888888888
2,27,0.07331975560081466,0.8888888888888888
2,28,0.07942973523421588,0.8888888888888888
2,29,0.0855397148676171,0.8888888888888888
2,30,0.09775967413441955,0.8888888888888888
2,31,0.109979633401222,0.8888888888888888
2,32,0.12016293279022404,0.8888888888888888
2,33,0.14052953156822812,0.8888888888888888
2,34,0.15071283095723015,0.8888888888888888
2,35,0.15478615071283094,0.8888888888888888
2,36,0.1710794297352342,0.8888888888888888
2,37,0.19959266802443992,0.8888888888888888
2,38,0.21181262729124237,0.8888888888888888
2,39,0.23217922606924643,0.8888888888888888
2,40,0.2525458248472505,0.8888888888888888
2,41,0.2790224032586558,0.8888888888888888
2,42,0.3014256619144603,0.8888888888888888
2,43,0.3360488798370672,0.8888888888888888
2,44,0.3543788187372709,0.8888888888888888
2,45,0.39918533604887985,0.8888888888888888
2,46,0.4317718940936864,0.8888888888888888
2,47,0.4725050916496945,0.8888888888888888
2,48,0.5682281059063137,1.0
2,49,0.9918533604887984,1.0
3,0,0.0,0.0
3,1,0.004073319755600814,0.3333333333333333
3,2,0.004073319755600814,0.3333333333333333
3,3,0.006109979633401222,0.4444444444444444
3,4,0.008146639511201629,0.5555555555555556
3,5,0.012219959266802444,0.5555555555555556
3,6,0.012219959266802444,0.5555555555555556
3,7,0.012219959266802444,0.6666666666666666
3,8,0.012219959266802444,0.6666666666666666
3,9,0.014256619144602852,0.7777777777777778
3,10,0.014256619144602852,0.7777777777777778
3,11,0.016293279022403257,0.7777777777777778
3,12,0.016293279022403257,0.7777777777777778
3,13,0.016293279022403257,0.7777777777777778
3,14,0.02240325865580448,0.7777777777777778
3,15,0.026476578411405296,0.7777777777777778
3,16,0.026476578411405296,0.8888888888888888
3,17,0.028513238289205704,0.8888888888888888
3,18,0.034623217922606926,0.8888888888888888
3,19,0.034623217922606926,0.8888888888888888
3,20,0.034623217922606926,0.8888888888888888
3,21,0.03665987780040733,0.8888888888888888
3,22,0.038696537678207736,0.8888888888888888
3,23,0.04480651731160896,0.8888888888888888
3,24,0.05295315682281059,0.8888888888888888
3,25,0.06517311608961303,0.8888888888888888
3,26,0.06924643584521385,0.8888888888888888
3,27,0.07331975560081466,0.8888888888888888
3,28,0.07942973523421588,0.8888888888888888
3,29,0.0855397148676171,0.8888888888888888
3,30,0.09775967413441955,0.8888888888888888
3,31,0.109979633401222,0.8888888888888888
3,32,0.12016293279022404,0.8888888888888888
3,33,0.14052953156822812,0.8888888888888888
3,34,0.15071283095723015,0.8888888888888888
3,35,0.15478615071283094,0.8888888888888888
3,36,0.1710794297352342,0.8888888888888888
3,37,0.19959266802443992,0.8888888888888888
3,38,0.21181262729124237,0.8888888888888888
3,39,0.23217922606924643,0.8888888888888888
3,40,0.2525458248472505,0.8888888888888888
3,41,0.2790224032586558,0.8888888888888888
3,42,0.3014256619144603,0.8888888888888888
3,43,0.3360488798370672,0.8888888888888888
3,44,0.3543788187372709,0.8888888888888888
3,45,0.39918533604887985,0.8888888888888888
3,46,0.4317718940936864,0.8888888888888888
3,47,0.4725050916496945,0.8888888888888888
3,48,0.5682281059063137,1.0
3,49,0.9918533604887984,1.0
4,0,0.0,0.0
4,1,0.004073319755600814,0.3333333333333333
4,2,0.004073319755600814,0.3333333333333333
4,3,0.006109979633401222,0.4444444444444444
4,4,0.008146639511201629,0.5555555555555556
4,5,0.012219959266802444,0.5555555555555556
4,6,0.012219959266802444,0.5555555555555556
4,7,0.012219959266802444,0.6666666666666666
4,8,0.012219959266802444,0.6666666666666666
4,9,0.014256619144602852,0.7777777777777778
4,10,0.014256619144602852,0.7777777777777778
4,11,0.016293279022403257,0.7777777777777778
4,12,0.016293279022403257,0.7777777777777778
4,13,0.016293279022403257,0.7777777777777778
4,14,0.02240325865580448,0.7777777777777778
4,15,0.026476578411405296,0.7777777777777778
4,16,0.026476578411405296,0.8888888888888888
4,17,0.028513238289205704,0.8888888888888888
4,18,0.034623217922606926,0.8888888888888888
4,19,0.034623217922606926,0.8888888888888888
4,20,0.034623217922606926,0.8888888888888888
4,21,0.03665987780040733,0.8888888888888888
4,22,0.038696537678207736,0.8888888888888888
4,23,0.04480651731160896,0.8888888888888888
4,24,0.05295315682281059,0.8888888888888888
4,25,0.06517311608961303,0.8888888888888888
4,26,0.06924643584521385,0.8888888888888888
4,27,0.07331975560081466,0.8888888888888888
4,28,0.07942973523421588,0.8888888888888888
4,29,0.0855397148676171,0.8888888888888888
4,30,0.09775967413441955,0.8888888888888888
4,31,0.109979633401222,0.8888888888888888
4,32,0.12016293279022404,0.8888888888888888
4,33,0.14052953156822812,0.8888888888888888
4,34,0.15071283095723015,0.8888888888888888
4,35,0.15478615071283094,0.8888888888888888
4,36,0.1710794297352342,0.8888888888888888
4,37,0.19959266802443992,0.8888888888888888
4,38,0.21181262729124237,0.8888888888888888
4,39,0.23217922606924643,0.8888888888888888
4,40,0.2525458248472505,0.8888888888888888
4,41,0.2790224032586558,0.8888888888888888
4,42,0.3014256619144603,0.8888888888888888
4,43,0.3360488798370672,0.8888888888888888
4,44,0.3543788187372709,0.8888888888888888
4,45,0.39918533604887985,0.8888888888888888
4,46,0.4317718940936864,0.8888888888888888
4,47,0.4725050916496945,0.8888888888888888
4,48,0.5682281059063137,1.0
4,49,0.9918533604887984,1.0
5,0,0.0,0.0
5,1,0.004073319755600814,0.3333333333333333
5,2,0.004073319755600814,0.3333333333333333
5,3,0.006109979633401222,0.4444444444444444
5,4,0.008146639511201629,0.5555555555555556
5,5,0.012219959266802444,0.5555555555555556
5,6,0.012219959266802444,0.5555555555555556
5,7,0.012219959266802444,0.6666666666666666
5,8,0.012219959266802444,0.6666666666666666
5,9,0.014256619144602852,0.7777777777777778
5,10,0.014256619144602852,0.7777777777777778
5,11,0.016293279022403257,0.7777777777777778
5,12,0.016293279022403257,0.7777777777777778
5,13,0.016293279022403257,0.7777777777777778
5,14,0.02240325865580448,0.7777777777777778
5,15,0.026476578411405296,0.7777777777777778
5,16,0.026476578411405296,0.8888888888888888
5,17,0.028513238289205704,0.8888888888888888
5,18,0.034623217922606926,0.8888888888888888
5,19,0.034623217922606926,0.8888888888888888
5,20,0.034623217922606926,0.8888888888888888
5,21,0.03665987780040733,0.8888888888888888
5,22,0.038696537678207736,0.8888888888888888
5,23,0.04480651731160896,0.8888888888888888
5,24,0.05295315682281059,0.8888888888888888
5,25,0.06517311608961303,0.8888888888888888
5,26,0.06924643584521385,0.8888888888888888
5,27,0.07331975560081466,0.8888888888888888
5,28,0.07942973523421588,0.8888888888888888
5,29,0.0855397148676171,0.8888888888888888
5,30,0.09775967413441955,0.8888888888888888
5,31,0.109979633401222,0.8888888888888888
5,32,0.12016293279022404,0.8888888888888888
5,33,0.14052953156822812,0.8888888888888888
5,34,0.15071283095723015,0.8888888888888888
5,35,0.15478615071283094,0.8888888888888888
5,36,0.1710794297352342,0.8888888888888888
5,37,0.19959266802443992,0.8888888888888888
5,38,0.21181262729124237,0.8888888888888888
5,39,0.23217922606924643,0.8888888888888888
5,40,0.2525458248472505,0.8888888888888888
5,41,0.2790224032586558,0.8888888888888888
5,42,0.3014256619144603,0.8888888888888888
5,43,0.3360488798370672,0.8888888888888888
5,44,0.3543788187372709,0.8888888888888888
5,45,0.39918533604887985,0.8888888888888888
5,46,0.4317718940936864,0.8888888888888888
5,47,0.4725050916496945,0.8888888888888888
5,48,0.5682281059063137,1.0
5,49,0.9918533604887984,1.0
6,0,0.0,0.0
6,1,0.004073319755600814,0.3333333333333333
6,2,0.004073319755600814,0.3333333333333333
6,3,0.006109979633401222,0.4444444444444444
6,4,0.008146639511201629,0.5555555555555556
6,5,0.012219959266802444,0.5555555555555556
6,6,0.012219959266802444,0.5555555555555556
6,7,0.012219959266802444,0.6666666666666666
6,8,0.012219959266802444,0.6666666666666666
6,9,0.014256619144602852,0.7777777777777778
6,10,0.014256619144602852,0.7777777777777778
6,11,0.016293279022403257,0.7777777777777778
6,12,0.016293279022403257,0.7777777777777778
6,13,0.016293279022403257,0.7777777777777778
6,14,0.02240325865580448,0.7777777777777778
6,15,0.026476578411405296,0.7777777777777778
6,16,0.026476578411405296,0.8888888888888888
6,17,0.028513238289205704,0.8888888888888888
6,18,0.034623217922606926,0.8888888888888888
6,19,0.034623217922606926,0.8888888888888888
6,20,0.034623217922606926,0.8888888888888888
6,21,0.03665987780040733,0.8888888888888888
6,22,0.038696537678207736,0.8888888888888888
6,23,0.04480651731160896,0.8888888888888888
6,24,0.05295315682281059,0.8888888888888888
6,25,0.06517311608961303,0.8888888888888888
6,26,0.06924643584521385,0.8888888888888888
6,27,0.07331975560081466,0.8888888888888888
6,28,0.07942973523421588,0.8888888888888888
6,29,0.0855397148676171,0.8888888888888888
6,30,0.09775967413441955,0.8888888888888888
6,31,0.109979633401222,0.8888888888888888
6,32,0.12016293279022404,0.8888888888888888
6,33,0.14052953156822812,0.8888888888888888
6,34,0.15071283095723015,0.8888888888888888
6,35,0.15478615071283094,0.8888888888888888
6,36,0.1710794297352342,0.8888888888888888
6,37,0.19959266802443992,0.8888888888888888
6,38,0.21181262729124237,0.8888888888888888
6,39,0.23217922606924643,0.8888888888888888
6,40,0.2525458248472505,0.8888888888888888
6,41,0.2790224032586558,0.8888888888888888
6,42,0.3014256619144603,0.8888888888888888
6,43,0.3360488798370672,0.8888888888888888
6,44,0.3543788187372709,0.8888888888888888
6,45,0.39918533604887985,0.8888888888888888
6,46,0.4317718940936864,0.8888888888888888
6,47,0.4725050916496945,0.8888888888888888
6,48,0.5682281059063137,1.0
6,49,0.9918533604887984,1.0
7,0,0.0,0.0
7,1,0.004073319755600814,0.3333333333333333
7,2,0.004073319755600814,0.3333333333333333
7,3,0.006109979633401222,0.4444444444444444
7,4,0.008146639511201629,0.5555555555555556
7,5,0.012219959266802444,0.5555555555555556
7,6,0.012219959266802444,0.5555555555555556
7,7,0.012219959266802444,0.6666666666666666
7,8,0.012219959266802444,0.6666666666666666
7,9,0.014256619144602852,0.7777777777777778
7,10,0.014256619144602852,0.7777777777777778
7,11,0.016293279022403257,0.7777777777777778
7,12,0.016293279022403257,0.7777777777777778
7,13,0.016293279022403257,0.7777777777777778
7,14,0.02240325865580448,0.7777777777777778
7,15,0.026476578411405296,0.7777777777777778
7,16,0.026476578411405296,0.8888888888888888
7,17,0.028513238289205704,0.8888888888888888
7,18,0.034623217922606926,0.8888888888888888
7,19,0.034623217922606926,0.8888888888888888
7,20,0.034623217922606926,0.8888888888888888
7,21,0.03665987780040733,0.8888888888888888
7,22,0.038696537678207736,0.8888888888888888
7,23,0.04480651731160896,0.8888888888888888
7,24,0.05295315682281059,0.8888888888888888
7,25,0.06517311608961303,0.8888888888888888
7,26,0.06924643584521385,0.8888888888888888
7,27,0.07331975560081466,0.8888888888888888
7,28,0.07942973523421588,0.8888888888888888
7,29,0.0855397148676171,0.8888888888888888
7,30,0.09775967413441955,0.8888888888888888
7,31,0.109979633401222,0.8888888888888888
7,32,0.12016293279022404,0.8888888888888888
7,33,0.14052953156822812,0.8888888888888888
7,34,0.15071283095723015,0.8888888888888888
7,35,0.15478615071283094,0.8888888888888888
7,36,0.1710794297352342,0.8888888888888888
7,37,0.19959266802443992,0.8888888888888888
7,38,0.21181262729124237,0.8888888888888888
7,39,0.23217922606924643,0.8888888888888888
7,40,0.2525458248472505,0.8888888888888888
7,41,0.2790224032586558,0.8888888888888888
7,42,0.3014256619144603,0.8888888888888888
7,43,0.3360488798370672,0.8888888888888888
7,44,0.3543788187372709,0.8888888888888888
7,45,0.39918533604887985,0.8888888888888888
7,46,0.4317718940936864,0.8888888888888888
7,47,0.4725050916496945,0.8888888888888888
7,48,0.5682281059063137,1.0
7,49,0.9918533604887984,1.0
8,0,0.0,0.0
8,1,0.004073319755600814,0.3333333333333333
8,2,0.004073319755600814,0.3333333333333333
8,3,0.006109979633401222,0.4444444444444444
8,4,0.008146639511201629,0.5555555555555556
8,5,0.012219959266802444,0.5555555555555556
8,6,0.012219959266802444,0.5555555555555556
8,7,0.012219959266802444,0.6666666666666666
8,8,0.012219959266802444,0.6666666666666666
8,9,0.014256619144602852,0.7777777777777778
8,10,0.014256619144602852,0.7777777777777778
8,11,0.016293279022403257,0.7777777777777778
8,12,0.016293279022403257,0.7777777777777778
8,13,0.016293279022403257,0.7777777777777778
8,14,0.02240325865580448,0.7777777777777778
8,15,0.026476578411405296,0.7777777777777778
8,16,0.026476578411405296,0.8888888888888888
8,17,0.028513238289205704,0.8888888888888888
8,18,0.034623217922606926,0.8888888888888888
8,19,0.034623217922606926,0.8888888888888888
8,20,0.034623217922606926,0.8888888888888888
8,21,0.03665987780040733,0.8888888888888888
8,22,0.038696537678207736,0.8888888888888888
8,23,0.04480651731160896,0.8888888888888888
8,24,0.05295315682281059,0.8888888888888888
8,25,0.06517311608961303,0.8888888888888888
8,26,0.06924643584521385,0.8888888888888888
8,27,0.07331975560081466,0.8888888888888888
8,28,0.07942973523421588,0.8888888888888888
8,29,0.0855397148676171,0.8888888888888888
8,30,0.09775967413441955,0.8888888888888888
8,31,0.109979633401222,0.8888888888888888
8,32,0.12016293279022404,0.8888888888888888
8,33,0.14052953156822812,0.8888888888888888
8,34,0.15071283095723015,0.8888888888888888
8,35,0.15478615071283094,0.8888888888888888
8,36,0.1710794297352342,0.8888888888888888
8,37,0.19959266802443992,0.8888888888888888
8,38,0.21181262729124237,0.8888888888888888
8,39,0.23217922606924643,0.8888888888888888
8,40,0.2525458248472505,0.8888888888888888
8,41,0.2790224032586558,0.8888888888888888
8,42,0.3014256619144603,0.8888888888888888
8,43,0.3360488798370672,0.8888888888888888
8,44,0.3543788187372709,0.8888888888888888
8,45,0.39918533604887985,0.8888888888888888
8,46,0.4317718940936864,0.8888888888888888
8,47,0.4725050916496945,0.8888888888888888
8,48,0.5682281059063137,1.0
8,49,0.9918533604887984,1.0
9,0,0.0,0.0
9,1,0.004073319755600814,0.3333333333333333
9,2,0.004073319755600814,0.3333333333333333
9,3,0.006109979633401222,0.4444444444444444
9,4,0.008146639511201629,0.5555555555555556
9,5,0.012219959266802444,0.5555555555555556
9,6,0.012219959266802444,0.5555555555555556
9,7,0.012219959266802444,0.6666666666666666
9,8,0.012219959266802444,0.6666666666666666
9,9,0.014256619144602852,0.7777777777777778
9,10,0.014256619144602852,0.7777777777777778
9,11,0.016293279022403257,0.7777777777777778
9,12,0.016293279022403257,0.7777777777777778
9,13,0.016293279022403257,0.7777777777777778
9,14,0.02240325865580448,0.7777777777777778
9,15,0.026476578411405296,0.7777777777777778
9,16,0.026476578411405296,0.8888888888888888
9,17,0.028513238289205704,0.8888888888888888
9,18,0.034623217922606926,0.8888888888888888
9,19,0.034623217922606926,0.8888888888888888
9,20,0.034623217922606926,0.8888888888888888
9,21,0.03665987780040733,0.8888888888888888
9,22,0.038696537678207736,0.8888888888888888
9,23,0.04480651731160896,0.8888888888888888
9,24,0.05295315682281059,0.8888888888888888
9,25,0.06517311608961303,0.8888888888888888
9,26,0.06924643584521385,0.8888888888888888
9,27,0.07331975560081466,0.8888888888888888
9,28,0.07942973523421588,0.8888888888888888
9,29,0.0855397148676171,0.8888888888888888
9,30,0.09775967413441955,0.8888888888888888
9,31,0.109979633401222,0.8888888888888888
9,32,0.12016293279022404,0.8888888888888888
9,33,0.14052953156822812,0.8888888888888888
9,34,0.15071283095723015,0.8888888888888888
9,35,0.15478615071283094,0.8888888888888888
9,36,0.1710794297352342,0.8888888888888888
9,37,0.19959266802443992,0.8888888888888888
9,38,0.21181262729124237,0.8888888888888888
9,39,0.23217922606924643,0.8888888888888888
9,40,0.2525458248472505,0.8888888888888888
9,41,0.2790224032586558,0.8888888888888888
9,42,0.3014256619144603,0.8888888888888888
9,43,0.3360488798370672,0.8888888888888888
9,44,0.3543788187372709,0.8888888888888888
9,45,0.39918533604887985,0.8888888888888888
9,46,0.4317718940936864,0.8888888888888888
9,47,0.4725050916496945,0.8888888888888888
9,48,0.5682281059063137,1.0
9,49,0.9918533604887984,1.0
10,0,0.0,0.0
10,1,0.004073319755600814,0.3333333333333333
10,2,0.004073319755600814,0.3333333333333333
10,3,0.006109979633401222,0.4444444444444444
10,4,0.008146639511201629,0.5555555555555556
10,5,0.012219959266802444,0.5555555555555556
10,6,0.012219959266802444,0.5555555555555556
10,7,0.012219959266802444,0.6666666666666666
10,8,0.012219959266802444,0.6666666666666666
10,9,0.014256619144602852,0.7777777777777778
10,10,0.014256619144602852,0.7777777777777778
10,11,0.016293279022403257,0.7777777777777778
10,12,0.016293279022403257,0.7777777777777778
10,13,0.016293279022403257,0.7777777777777778
10,14,0.02240325865580448,0.7777777777777778
10,15,0.026476578411405296,0.7777777777777778
10,16,0.026476578411405296,0.8888888888888888
10,17,0.028513238289205704,0.8888888888888888
10,18,0.034623217922606926,0.8888888888888888
10,19,0.034623217922606926,0.8888888888888888
10,20,0.034623217922606926,0.8888888888888888
10,21,0.03665987780040733,0.8888888888888888
10,22,0.038696537678207736,0.8888888888888888
10,23,0.04480651731160896,0.8888888888888888
10,24,0.05295315682281059,0.8888888888888888
10,25,0.06517311608961303,0.8888888888888888
10,26,0.06924643584521385,0.8888888888888888
10,27,0.07331975560081466,0.8888888888888888
10,28,0.07942973523421588,0.8888888888888888
10,29,0.0855397148676171,0.8888888888888888
10,30,0.09775967413441955,0.8888888888888888
10,31,0.109979633401222,0.8888888888888888
10,32,0.12016293279022404,0.8888888888888888
10,33,0.14052953156822812,0.8888888888888888
10,34,0.15071283095723015,0.8888888888888888
10,35,0.15478615071283094,0.8888888888888888
10,36,0.1710794297352342,0.8888888888888888
10,37,0.19959266802443992,0.8888888888888888
10,38,0.21181262729124237,0.8888888888888888
10,39,0.23217922606924643,0.8888888888888888
10,40,0.2525458248472505,0.8888888888888888
10,41,0.2790224032586558,0.8888888888888888
10,42,0.3014256619144603,0.8888888888888888
10,43,0.3360488798370672,0.8888888888888888
10,44,0.3543788187372709,0.8888888888888888
10,45,0.39918533604887985,0.8888888888888888
10,46,0.4317718940936864,0.8888888888888888
10,47,0.4725050916496945,0.8888888888888888
10,48,0.5682281059063137,1.0
10,49,0.9918533604887984,1.0
11,0,0.0,0.0
11,1,0.004073319755600814,0.3333333333333333
11,2,0.004073319755600814,0.3333333333333333
11,3,0.006109979633401222,0.4444444444444444
11,4,0.008146639511201629,0.5555555555555556
11,5,0.012219959266802444,0.5555555555555556
11,6,0.012219959266802444,0.5555555555555556
11,7,0.012219959266802444,0.6666666666666666
11,8,0.012219959266802444,0.6666666666666666
11,9,0.014256619144602852,0.7777777777777778
11,10,0.014256619144602852,0.7777777777777778
11,11,0.016293279022403257,0.7777777777777778
11,12,0.016293279022403257,0.7777777777777778
11,13,0.016293279022403257,0.7777777777777778
11,14,0.02240325865580448,0.7777777777777778
11,15,0.026476578411405296,0.7777777777777778
11,16,0.026476578411405296,0.8888888888888888
11,17,0.028513238289205704,0.8888888888888888
11,18,0.034623217922606926,0.8888888888888888
11,19,0.034623217922606926,0.8888888888888888
11,20,0.034623217922606926,0.8888888888888888
11,21,0.03665987780040733,0.8888888888888888
11,22,0.038696537678207736,0.8888888888888888
11,23,0.04480651731160896,0.8888888888888888
11,24,0.05295315682281059,0.8888888888888888
11,25,0.06517311608961303,0.8888888888888888
11,26,0.06924643584521385,0.8888888888888888
11,27,0.07331975560081466,0.8888888888888888
11,28,0.07942973523421588,0.8888888888888888
11,29,0.0855397148676171,0.8888888888888888
11,30,0.09775967413441955,0.8888888888888888
11,31,0.109979633401222,0.8888888888888888
11,32,0.12016293279022404,0.8888888888888888
11,33,0.14052953156822812,0.8888888888888888
11,34,0.15071283095723015,0.8888888888888888
11,35,0.15478615071283094,0.8888888888888888
11,36,0.1710794297352342,0.8888888888888888
11,37,0.19959266802443992,0.8888888888888888
11,38,0.21181262729124237,0.8888888888888888
11,39,0.23217922606924643,0.8888888888888888
11,40,0.2525458248472505,0.8888888888888888
11,41,0.2790224032586558,0.8888888888888888
11,42,0.3014256619144603,0.8888888888888888
11,43,0.3360488798370672,0.8888888888888888
11,44,0.3543788187372709,0.8888888888888888
11,45,0.39918533604887985,0.8888888888888888
11,46,0.4317718940936864,0.8888888888888888
11,47,0.4725050916496945,0.8888888888888888
11,48,0.5682281059063137,1.0
11,49,0.9918533604887984,1.0
12,0,0.0,0.0
12,1,0.004073319755600814,0.3333333333333333
12,2,0.004073319755600814,0.3333333333333333
12,3,0.006109979633401222,0.4444444444444444
12,4,0.008146639511201629,0.5555555555555556
12,5,0.012219959266802444,0.5555555555555556
12,6,0.012219959266802444,0.5555555555555556
12,7,0.012219959266802444,0.6666666666666666
12,8,0.012219959266802444,0.6666666666666666
12,9,0.014256619144602852,0.7777777777777778
12,10,0.014256619144602852,0.7777777777777778
12,11,0.016293279022403257,0.7777777777777778
12,12,0.016293279022403257,0.7777777777777778
12,13,0.016293279022403257,0.7777777777777778
12,14,0.02240325865580448,0.7777777777777778
12,15,0.026476578411405296,0.7777777777777778
12,16,0.026476578411405296,0.8888888888888888
12,17,0.028513238289205704,0.8888888888888888
12,18,0.034623217922606926,0.8888888888888888
12,19,0.034623217922606926,0.8888888888888888
12,20,0.034623217922606926,0.8888888888888888
12,21,0.03665987780040733,0.8888888888888888
12,22,0.038696537678207736,0.8888888888888888
12,23,0.04480651731160896,0.8888888888888888
12,24,0.05295315682281059,0.8888888888888888
12,25,0.06517311608961303,0.8888888888888888
12,26,0.06924643584521385,0.8888888888888888
12,27,0.07331975560081466,0.8888888888888888
12,28,0.07942973523421588,0.8888888888888888
12,29,0.0855397148676171,0.8888888888888888
12,30,0.09775967413441955,0.8888888888888888
12,31,0.109979633401222,0.8888888888888888
12,32,0.12016293279022404,0.8888888888888888
12,33,0.14052953156822812,0.8888888888888888
12,34,0.15071283095723015,0.8888888888888888
12,35,0.15478615071283094,0.8888888888888888
12,36,0.1710794297352342,0.8888888888888888
12,37,0.19959266802443992,0.8888888888888888
12,38,0.21181262729124237,0.8888888888888888
12,39,0.23217922606924643,0.8888888888888888
12,40,0.2525458248472505,0.8888888888888888
12,41,0.2790224032586558,0.8888888888888888
12,42,0.3014256619144603,0.8888888888888888
12,43,0.3360488798370672,0.8888888888888888
12,44,0.3543788187372709,0.8888888888888888
12,45,0.39918533604887985,0.8888888888888888
12,46,0.4317718940936864,0.8888888888888888
12,47,0.4725050916496945,0.8888888888888888
12,48,0.5682281059063137,1.0
12,49,0.9918533604887984,1.0
13,0,0.0,0.0
13,1,0.004073319755600814,0.3333333333333333
13,2,0.004073319755600814,0.3333333333333333
13,3,0.006109979633401222,0.4444444444444444
13,4,0.008146639511201629,0.5555555555555556
13,5,0.012219959266802444,0.5555555555555556
13,6,0.012219959266802444,0.5555555555555556
13,7,0.012219959266802444,0.6666666666666666
13,8,0.012219959266802444,0.6666666666666666
13,9,0.014256619144602852,0.7777777777777778
13,10,0.014256619144602852,0.7777777777777778
13,11,0.016293279022403257,0.7777777777777778
13,12,0.016293279022403257,0.7777777777777778
13,13,0.016293279022403257,0.7777777777777778
13,14,0.02240325865580448,0.7777777777777778
13,15,0.026476578411405296,0.7777777777777778
13,16,0.026476578411405296,0.8888888888888888
13,17,0.028513238289205704,0.8888888888888888
13,18,0.034623217922606926,0.8888888888888888
13,19,0.034623217922606926,0.8888888888888888
13,20,0.034623217922606926,0.8888888888888888
13,21,0.03665987780040733,0.8888888888888888
13,22,0.038696537678207736,0.8888888888888888
13,23,0.04480651731160896,0.8888888888888888
13,24,0.05295315682281059,0.8888888888888888
13,25,0.06517311608961303,0.8888888888888888
13,26,0.06924643584521385,0.8888888888888888
13,27,0.07331975560081466,0.8888888888888888
13,28,0.07942973523421588,0.8888888888888888
13,29,0.0855397148676171,0.8888888888888888
13,30,0.09775967413441955,0.8888888888888888
13,31,0.109979633401222,0.8888888888888888
13,32,0.12016293279022404,0.8888888888888888
13,33,0.14052953156822812,0.8888888888888888
13,34,0.15071283095723015,0.8888888888888888
13,35,0.15478615071283094,0.8888888888888888
13,36,0.1710794297352342,0.8888888888888888
13,37,0.19959266802443992,0.8888888888888888
13,38,0.21181262729124237,0.8888888888888888
13,39,0.23217922606924643,0.8888888888888888
13,40,0.2525458248472505,0.8888888888888888
13,41,0.2790224032586558,0.8888888888888888
13,42,0.3014256619144603,0.8888888888888888
13,43,0.3360488798370672,0.8888888888888888
13,44,0.3543788187372709,0.8888888888888888
13,45,0.39918533604887985,0.8888888888888888
13,46,0.4317718940936864,0.8888888888888888
13,47,0.4725050916496945,0.8888888888888888
13,48,0.5682281059063137,1.0
13,49,0.9918533604887984,1.0
14,0,0.0,0.0
14,1,0.004073319755600814,0.3333333333333333
14,2,0.004073319755600814,0.3333333333333333
14,3,0.006109979633401222,0.4444444444444444
14,4,0.008146639511201629,0.5555555555555556
14,5,0.012219959266802444,0.5555555555555556
14,6,0.012219959266802444,0.5555555555555556
14,7,0.012219959266802444,0.6666666666666666
14,8,0.012219959266802444,0.6666666666666666
14,9,0.014256619144602852,0.7777777777777778
14,10,0.014256619144602852,0.7777777777777778
14,11,0.016293279022403257,0.7777777777777778
14,12,0.016293279022403257,0.7777777777777778
14,13,0.016293279022403257,0.7777777777777778
14,14,0.02240325865580448,0.7777777777777778
14,15,0.026476578411405296,0.7777777777777778
14,16,0.026476578411405296,0.8888888888888888
14,17,0.028513238289205704,0.8888888888888888
14,18,0.034623217922606926,0.8888888888888888
14,19,0.034623217922606926,0.8888888888888888
14,20,0.034623217922606926,0.8888888888888888
14,21,0.03665987780040733,0.8888888888888888
14,22,0.038696537678207736,0.8888888888888888
14,23,0.04480651731160896,0.8888888888888888
14,24,0.05295315682281059,0.8888888888888888
14,25,0.06517311608961303,0.8888888888888888
14,26,0.06924643584521385,0.8888888888888888
14,27,0.07331975560081466,0.8888888888888888
14,28,0.07942973523421588,0.8888888888888888
14,29,0.0855397148676171,0.8888888888888888
14,30,0.09775967413441955,0.8888888888888888
14,31,0.109979633401222,0.8888888888888888
14,32,0.12016293279022404,0.8888888888888888
14,33,0.14052953156822812,0.8888888888888888
14,34,0.15071283095723015,0.8888888888888888
14,35,0.15478615071283094,0.8888888888888888
14,36,0.1710794297352342,0.8888888888888888
14,37,0.19959266802443992,0.8888888888888888
14,38,0.21181262729124237,0.8888888888888888
14,39,0.23217922606924643,0.8888888888888888
14,40,0.2525458248472505,0.8888888888888888
14,41,0.2790224032586558,0.8888888888888888
14,42,0.3014256619144603,0.8888888888888888
14,43,0.3360488798370672,0.8888888888888888
14,44,0.3543788187372709,0.8888888888888888
14,45,0.39918533604887985,0.8888888888888888
14,46,0.4317718940936864,0.8888888888888888
14,47,0.4725050916496945,0.8888888888888888
14,48,0.5682281059063137,1.0
14,49,0.9918533604887984,1.0
15,0,0.0,0.0
15,1,0.004073319755600814,0.3333333333333333
15,2,0.004073319755600814,0.3333333333333333
15,3,0.006109979633401222,0.4444444444444444
15,4,0.008146639511201629,0.5555555555555556
15,5,0.012219959266802444,0.5555555555555556
15,6,0.012219959266802444,0.5555555555555556
15,7,0.012219959266802444,0.6666666666666666
15,8,0.012219959266802444,0.6666666666666666
15,9,0.014256619144602852,0.7777777777777778
15,10,0.014256619144602852,0.7777777777777778
15,11,0.016293279022403257,0.7777777777777778
15,12,0.016293279022403257,0.7777777777777778
15,13,0.016293279022403257,0.7777777777777778
15,14,0.02240325865580448,0.7777777777777778
15,15,0.026476578411405296,0.7777777777777778
15,16,0.026476578411405296,0.8888888888888888
15,17,0.028513238289205704,0.8888888888888888
15,18,0.034623217922606926,0.8888888888888888
15,19,0.034623217922606926,0.8888888888888888
15,20,0.034623217922606926,0.8888888888888888
15,21,0.03665987780040733,0.8888888888888888
15,22,0.038696537678207736,0.8888888888888888
15,23,0.04480651731160896,0.8888888888888888
15,24,0.05295315682281059,0.8888888888888888
15,25,0.06517311608961303,0.8888888888888888
15,26,0.06924643584521385,0.8888888888888888
15,27,0.07331975560081466,0.8888888888888888
15,28,0.07942973523421588,0.8888888888888888
15,29,0.0855397148676171,0.8888888888888888
15,30,0.09775967413441955,0.8888888888888888
15,31,0.109979633401222,0.8888888888888888
15,32,0.12016293279022404,0.8888888888888888
15,33,0.14052953156822812,0.8888888888888888
15,34,0.15071283095723015,0.8888888888888888
15,35,0.15478615071283094,0.8888888888888888
15,36,0.1710794297352342,0.8888888888888888
15,37,0.19959266802443992,0.8888888888888888
15,38,0.21181262729124237,0.8888888888888888
15,39,0.23217922606924643,0.8888888888888888
15,40,0.2525458248472505,0.8888888888888888
15,41,0.2790224032586558,0.8888888888888888
15,42,0.3014256619144603,0.8888888888888888
15,43,0.3360488798370672,0.8888888888888888
15,44,0.3543788187372709,0.8888888888888888
15,45,0.39918533604887985,0.8888888888888888
15,46,0.4317718940936864,0.8888888888888888
15,47,0.4725050916496945,0.8888888888888888
15,48,0.5682281059063137,1.0
15,49,0.9918533604887984,1.0
16,0,0.0,0.0
16,1,0.004073319755600814,0.3333333333333333
16,2,0.004073319755600814,0.3333333333333333
16,3,0.006109979633401222,0.4444444444444444
16,4,0.008146639511201629,0.5555555555555556
16,5,0.012219959266802444,0.5555555555555556
16,6,0.012219959266802444,0.5555555555555556
16,7,0.012219959266802444,0.6666666666666666
16,8,0.012219959266802444,0.6666666666666666
16,9,0.014256619144602852,0.7777777777777778
16,10,0.014256619144602852,0.7777777777777778
16,11,0.016293279022403257,0.7777777777777778
16,12,0.016293279022403257,0.7777777777777778
16,13,0.016293279022403257,0.7777777777777778
16,14,0.02240325865580448,0.7777777777777778
16,15,0.026476578411405296,0.7777777777777778
16,16,0.026476578411405296,0.8888888888888888
16,17,0.028513238289205704,0.8888888888888888
16,18,0.034623217922606926,0.8888888888888888
16,19,0.034623217922606926,0.8888888888888888
16,20,0.034623217922606926,0.8888888888888888
16,21,0.03665987780040733,0.8888888888888888
16,22,0.038696537678207736,0.8888888888888888
16,23,0.04480651731160896,0.8888888888888888
16,24,0.05295315682281059,0.8888888888888888
16,25,0.06517311608961303,0.8888888888888888
16,26,0.06924643584521385,0.8888888888888888
16,27,0.07331975560081466,0.8888888888888888
16,28,0.07942973523421588,0.8888888888888888
16,29,0.0855397148676171,0.8888888888888888
16,30,0.09775967413441955,0.8888888888888888
16,31,0.109979633401222,0.8888888888888888
16,32,0.12016293279022404,0.8888888888888888
16,33,0.14052953156822812,0.8888888888888888
16,34,0.15071283095723015,0.8888888888888888
16,35,0.15478615071283094,0.8888888888888888
16,36,0.1710794297352342,0.8888888888888888
16,37,0.19959266802443992,0.8888888888888888
16,38,0.21181262729124237,0.8888888888888888
16,39,0.23217922606924643,0.8888888888888888
16,40,0.2525458248472505,0.8888888888888888
16,41,0.2790224032586558,0.8888888888888888
16,42,0.3014256619144603,0.8888888888888888
16,43,0.3360488798370672,0.8888888888888888
16,44,0.3543788187372709,0.8888888888888888
16,45,0.39918533604887985,0.8888888888888888
16,46,0.4317718940936864,0.8888888888888888
16,47,0.4725050916496945,0.8888888888888888
16,48,0.5682281059063137,1.0
16,49,0.9918533604887984,1.0
17,0,0.0,0.0
17,1,0.004073319755600814,0.3333333333333333
17,2,0.004073319755600814,0.3333333333333333
17,3,0.006109979633401222,0.4444444444444444
17,4,0.008146639511201629,0.5555555555555556
17,5,0.012219959266802444,0.5555555555555556
17,6,0.012219959266802444,0.5555555555555556
17,7,0.012219959266802444,0.6666666666666666
17,8,0.012219959266802444,0.6666666666666666
17,9,0.014256619144602852,0.7777777777777778
17,10,0.014256619144602852,0.7777777777777778
17,11,0.016293279022403257,0.7777777777777778
17,12,0.016293279022403257,0.7777777777777778
17,13,0.016293279022403257,0.7777777777777778
17,14,0.02240325865580448,0.7777777777777778
17,15,0.026476578411405296,0.7777777777777778
17,16,0.026476578411405296,0.8888888888888888
17,17,0.028513238289205704,0.8888888888888888
17,18,0.034623217922606926,0.8888888888888888
17,19,0.034623217922606926,0.8888888888888888
17,20,0.034623217922606926,0.8888888888888888
17,21,0.03665987780040733,0.8888888888888888
17,22,0.038696537678207736,0.8888888888888888
17,23,0.04480651731160896,0.8888888888888888
17,24,0.05295315682281059,0.8888888888888888
17,25,0.06517311608961303,0.8888888888888888
17,26,0.06924643584521385,0.8888888888888888
17,27,0.07331975560081466,0.8888888888888888
17,28,0.07942973523421588,0.8888888888888888
17,29,0.0855397148676171,0.8888888888888888
17,30,0.09775967413441955,0.8888888888888888
17,31,0.109979633401222,0.8888888888888888
17,32,0.12016293279022404,0.8888888888888888
17,33,0.14052953156822812,0.8888888888888888
17,34,0.15071283095723015,0.8888888888888888
17,35,0.15478615071283094,0.8888888888888888
17,36,0.1710794297352342,0.8888888888888888
17,37,0.19959266802443992,0.8888888888888888
17,38,0.21181262729124237,0.8888888888888888
17,39,0.23217922606924643,0.8888888888888888
17,40,0.2525458248472505,0.8888888888888888
17,41,0.2790224032586558,0.8888888888888888
17,42,0.3014256619144603,0.8888888888888888
17,43,0.3360488798370672,0.8888888888888888
17,44,0.3543788187372709,0.8888888888888888
17,45,0.39918533604887985,0.8888888888888888
17,46,0.4317718940936864,0.8888888888888888
17,47,0.4725050916496945,0.8888888888888888
17,48,0.5682281059063137,1.0
17,49,0.9918533604887984,1.0
18,0,0.0,0.0
18,1,0.004073319755600814,0.3333333333333333
18,2,0.004073319755600814,0.3333333333333333
18,3,0.006109979633401222,0.4444444444444444
18,4,0.008146639511201629,0.5555555555555556
18,5,0.012219959266802444,0.5555555555555556
18,6,0.012219959266802444,0.5555555555555556
18,7,0.012219959266802444,0.6666666666666666
18,8,0.012219959266802444,0.6666666666666666
18,9,0.014256619144602852,0.7777777777777778
18,10,0.014256619144602852,0.7777777777777778
18,11,0.016293279022403257,0.7777777777777778
18,12,0.016293279022403257,0.7777777777777778
18,13,0.016293279022403257,0.7777777777777778
18,14,0.02240325865580448,0.7777777777777778
18,15,0.026476578411405296,0.7777777777777778
18,16,0.026476578411405296,0.8888888888888888
18,17,0.028513238289205704,0.8888888888888888
18,18,0.034623217922606926,0.8888888888888888
18,19,0.034623217922606926,0.8888888888888888
18,20,0.034623217922606926,0.8888888888888888
18,21,0.03665987780040733,0.8888888888888888
18,22,0.038696537678207736,0.8888888888888888
18,23,0.04480651731160896,0.8888888888888888
18,24,0.05295315682281059,0.8888888888888888
18,25,0.06517311608961303,0.8888888888888888
18,26,0.06924643584521385,0.8888888888888888
18,27,0.07331975560081466,0.8888888888888888
18,28,0.07942973523421588,0.8888888888888888
18,29,0.0855397148676171,0.8888888888888888
18,30,0.09775967413441955,0.8888888888888888
18,31,0.109979633401222,0.8888888888888888
18,32,0.12016293279022404,0.8888888888888888
18,33,0.14052953156822812,0.8888888888888888
18,34,0.15071283095723015,0.8888888888888888
18,35,0.15478615071283094,0.8888888888888888
18,36,0.1710794297352342,0.8888888888888888
18,37,0.19959266802443992,0.8888888888888888
18,38,0.21181262729124237,0.8888888888888888
18,39,0.23217922606924643,0.8888888888888888
18,40,0.2525458248472505,0.8888888888888888
18,41,0.2790224032586558,0.8888888888888888
18,42,0.3014256619144603,0.8888888888888888
18,43,0.3360488798370672,0.8888888888888888
18,44,0.3543788187372709,0.8888888888888888
18,45,0.39918533604887985,0.8888888888888888
18,46,0.4317718940936864,0.8888888888888888
18,47,0.4725050916496945,0.8888888888888888
18,48,0.5682281059063137,1.0
18,49,0.9918533604887984,1.0
19,0,0.0,0.0
19,1,0.004073319755600814,0.3333333333333333
19,2,0.004073319755600814,0.3333333333333333
19,3,0.006109979633401222,0.4444444444444444
19,4,0.008146639511201629,0.5555555555555556
19,5,0.012219959266802444,0.5555555555555556
19,6,0.012219959266802444,0.5555555555555556
19,7,0.012219959266802444,0.6666666666666666
19,8,0.012219959266802444,0.6666666666666666
19,9,0.014256619144602852,0.7777777777777778
19,10,0.014256619144602852,0.7777777777777778
19,11,0.016293279022403257,0.7777777777777778
19,12,0.016293279022403257,0.7777777777777778
19,13,0.016293279022403257,0.7777777777777778
19,14,0.02240325865580448,0.7777777777777778
19,15,0.026476578411405296,0.7777777777777778
19,16,0.026476578411405296,0.8888888888888888
19,17,0.028513238289205704,0.8888888888888888
19,18,0.034623217922606926,0.8888888888888888
19,19,0.034623217922606926,0.8888888888888888
19,20,0.034623217922606926,0.8888888888888888
19,21,0.03665987780040733,0.8888888888888888
19,22,0.038696537678207736,0.8888888888888888
19,23,0.04480651731160896,0.8888888888888888
19,24,0.05295315682281059,0.8888888888888888
19,25,0.06517311608961303,0.8888888888888888
19,26,0.06924643584521385,0.8888888888888888
19,27,0.07331975560081466,0.8888888888888888
19,28,0.07942973523421588,0.8888888888888888
19,29,0.0855397148676171,0.8888888888888888
19,30,0.09775967413441955,0.8888888888888888
19,31,0.109979633401222,0.8888888888888888
19,32,0.12016293279022404,0.8888888888888888
19,33,0.14052953156822812,0.8888888888888888
19,34,0.15071283095723015,0.8888888888888888
19,35,0.15478615071283094,0.8888888888888888
19,36,0.1710794297352342,0.8888888888888888
19,37,0.19959266802443992,0.8888888888888888
19,38,0.21181262729124237,0.8888888888888888
19,39,0.23217922606924643,0.8888888888888888
19,40,0.2525458248472505,0.8888888888888888
19,41,0.2790224032586558,0.8888888888888888
19,42,0.3014256619144603,0.8888888888888888
19,43,0.3360488798370672,0.8888888888888888
19,44,0.3543788187372709,0.8888888888888888
19,45,0.39918533604887985,0.8888888888888888
19,46,0.4317718940936864,0.8888888888888888
19,47,0.4725050916496945,0.8888888888888888
19,48,0.5682281059063137,1.0
19,49,0.9918533604887984,1.0
20,0,0.0,0.0
20,1,0.004073319755600814,0.3333333333333333
20,2,0.004073319755600814,0.3333333333333333
20,3,0.006109979633401222,0.4444444444444444
20,4,0.008146639511201629,0.5555555555555556
20,5,0.012219959266802444,0.5555555555555556
20,6,0.012219959266802444,0.5555555555555556
20,7,0.012219959266802444,0.6666666666666666
20,8,0.012219959266802444,0.6666666666666666
20,9,0.014256619144602852,0.7777777777777778
20,10,0.014256619144602852,0.7777777777777778
20,11,0.016293279022403257,0.7777777777777778
20,12,0.016293279022403257,0.7777777777777778
20,13,0.016293279022403257,0.7777777777777778
20,14,0.02240325865580448,0.7777777777777778
20,15,0.026476578411405296,0.7777777777777778
20,16,0.026476578411405296,0.8888888888888888
20,17,0.028513238289205704,0.8888888888888888
20,18,0.034623217922606926,0.8888888888888888
20,19,0.034623217922606926,0.8888888888888888
20,20,0.034623217922606926,0.8888888888888888
20,21,0.03665987780040733,0.8888888888888888
20,22,0.038696537678207736,0.8888888888888888
20,23,0.04480651731160896,0.8888888888888888
20,24,0.05295315682281059,0.8888888888888888
20,25,0.06517311608961303,0.8888888888888888
20,26,0.06924643584521385,0.8888888888888888
20,27,0.07331975560081466,0.8888888888888888
20,28,0.07942973523421588,0.8888888888888888
20,29,0.0855397148676171,0.8888888888888888
20,30,0.09775967413441955,0.8888888888888888
20,31,0.109979633401222,0.8888888888888888
20,32,0.12016293279022404,0.8888888888888888
20,33,0.14052953156822812,0.8888888888888888
20,34,0.15071283095723015,0.8888888888888888
20,35,0.15478615071283094,0.8888888888888888
20,36,0.1710794297352342,0.8888888888888888
20,37,0.19959266802443992,0.8888888888888888
20,38,0.21181262729124237,0.8888888888888888
20,39,0.23217922606924643,0.8888888888888888
20,40,0.2525458248472505,0.8888888888888888
20,41,0.2790224032586558,0.8888888888888888
20,42,0.3014256619144603,0.8888888888888888
20,43,0.3360488798370672,0.8888888888888888
20,44,0.3543788187372709,0.8888888888888888
20,45,0.39918533604887985,0.8888888888888888
20,46,0.4317718940936864,0.8888888888888888
20,47,0.4725050916496945,0.8888888888888888
20,48,0.5682281059063137,1.0
20,49,0.9918533604887984,1.0
21,0,0.0,0.0
21,1,0.004073319755600814,0.3333333333333333
21,2,0.004073319755600814,0.3333333333333333
21,3,0.006109979633401222,0.4444444444444444
21,4,0.008146639511201629,0.5555555555555556
21,5,0.012219959266802444,0.5555555555555556
21,6,0.012219959266802444,0.5555555555555556
21,7,0.012219959266802444,0.6666666666666666
21,8,0.012219959266802444,0.6666666666666666
21,9,0.014256619144602852,0.7777777777777778
21,10,0.014256619144602852,0.7777777777777778
21,11,0.016293279022403257,0.7777777777777778
21,12,0.016293279022403257,0.7777777777777778
21,13,0.016293279022403257,0.7777777777777778
21,14,0.02240325865580448,0.7777777777777778
21,15,0.026476578411405296,0.7777777777777778
21,16,0.026476578411405296,0.8888888888888888
21,17,0.028513238289205704,0.8888888888888888
21,18,0.034623217922606926,0.8888888888888888
21,19,0.034623217922606926,0.8888888888888888
21,20,0.034623217922606926,0.8888888888888888
21,21,0.03665987780040733,0.8888888888888888
21,22,0.038696537678207736,0.8888888888888888
21,23,0.04480651731160896,0.8888888888888888
21,24,0.05295315682281059,0.8888888888888888
21,25,0.06517311608961303,0.8888888888888888
21,26,0.06924643584521385,0.8888888888888888
21,27,0.07331975560081466,0.8888888888888888
21,28,0.07942973523421588,0.8888888888888888
21,29,0.0855397148676171,0.8888888888888888
21,30,0.09775967413441955,0.8888888888888888
21,31,0.109979633401222,0.8888888888888888
21,32,0.12016293279022404,0.8888888888888888
21,33,0.14052953156822812,0.8888888888888888
21,34,0.15071283095723015,0.8888888888888888
21,35,0.15478615071283094,0.8888888888888888
21,36,0.1710794297352342,0.8888888888888888
21,37,0.19959266802443992,0.8888888888888888
21,38,0.21181262729124237,0.8888888888888888
21,39,0.23217922606924643,0.8888888888888888
21,40,0.2525458248472505,0.8888888888888888
21,41,0.2790224032586558,0.8888888888888888
21,42,0.3014256619144603,0.8888888888888888
21,43,0.3360488798370672,0.8888888888888888
21,44,0.3543788187372709,0.8888888888888888
21,45,0.39918533604887985,0.8888888888888888
21,46,0.4317718940936864,0.8888888888888888
21,47,0.4725050916496945,0.8888888888888888
21,48,0.5682281059063137,1.0
21,49,0.9918533604887984,1.0
22,0,0.0,0.0
22,1,0.004073319755600814,0.3333333333333333
22,2,0.004073319755600814,0.3333333333333333
22,3,0.006109979633401222,0.4444444444444444
22,4,0.008146639511201629,0.5555555555555556
22,5,0.012219959266802444,0.5555555555555556
22,6,0.012219959266802444,0.5555555555555556
22,7,0.012219959266802444,0.6666666666666666
22,8,0.012219959266802444,0.6666666666666666
22,9,0.014256619144602852,0.7777777777777778
22,10,0.014256619144602852,0.7777777777777778
22,11,0.016293279022403257,0.7777777777777778
22,12,0.016293279022403257,0.7777777777777778
22,13,0.016293279022403257,0.7777777777777778
22,14,0.02240325865580448,0.7777777777777778
22,15,0.026476578411405296,0.7777777777777778
22,16,0.026476578411405296,0.8888888888888888
22,17,0.028513238289205704,0.8888888888888888
22,18,0.034623217922606926,0.8888888888888888
22,19,0.034623217922606926,0.8888888888888888
22,20,0.034623217922606926,0.8888888888888888
22,21,0.03665987780040733,0.8888888888888888
22,22,0.038696537678207736,0.8888888888888888
22,23,0.04480651731160896,0.8888888888888888
22,24,0.05295315682281059,0.8888888888888888
22,25,0.06517311608961303,0.8888888888888888
22,26,0.06924643584521385,0.8888888888888888
22,27,0.07331975560081466,0.8888888888888888
22,28,0.07942973523421588,0.8888888888888888
22,29,0.0855397148676171,0.8888888888888888
22,30,0.09775967413441955,0.8888888888888888
22,31,0.109979633401222,0.8888888888888888
22,32,0.12016293279022404,0.8888888888888888
22,33,0.14052953156822812,0.8888888888888888
22,34,0.15071283095723015,0.8888888888888888
22,35,0.15478615071283094,0.8888888888888888
22,36,0.1710794297352342,0.8888888888888888
22,37,0.19959266802443992,0.8888888888888888
22,38,0.21181262729124237,0.8888888888888888
22,39,0.23217922606924643,0.8888888888888888
22,40,0.2525458248472505,0.8888888888888888
22,41,0.2790224032586558,0.8888888888888888
22,42,0.3014256619144603,0.8888888888888888
22,43,0.3360488798370672,0.8888888888888888
22,44,0.3543788187372709,0.8888888888888888
22,45,0.39918533604887985,0.8888888888888888
22,46,0.4317718940936864,0.8888888888888888
22,47,0.4725050916496945,0.8888888888888888
22,48,0.5682281059063137,1.0
22,49,0.9918533604887984,1.0
23,0,0.0,0.0
23,1,0.004073319755600814,0.3333333333333333
23,2,0.004073319755600814,0.3333333333333333
23,3,0.006109979633401222,0.4444444444444444
23,4,0.008146639511201629,0.5555555555555556
23,5,0.012219959266802444,0.5555555555555556
23,6,0.012219959266802444,0.5555555555555556
23,7,0.012219959266802444,0.6666666666666666
23,8,0.012219959266802444,0.6666666666666666
23,9,0.014256619144602852,0.7777777777777778
23,10,0.014256619144602852,0.7777777777777778
23,11,0.016293279022403257,0.7777777777777778
23,12,0.016293279022403257,0.7777777777777778
23,13,0.016293279022403257,0.7777777777777778
23,14,0.02240325865580448,0.7777777777777778
23,15,0.026476578411405296,0.7777777777777778
23,16,0.026476578411405296,0.8888888888888888
23,17,0.028513238289205704,0.8888888888888888
23,18,0.034623217922606926,0.8888888888888888
23,19,0.034623217922606926,0.8888888888888888
23,20,0.034623217922606926,0.8888888888888888
23,21,0.03665987780040733,0.8888888888888888
23,22,0.038696537678207736,0.8888888888888888
23,23,0.04480651731160896,0.8888888888888888
23,24,0.05295315682281059,0.8888888888888888
23,25,0.06517311608961303,0.8888888888888888
23,26,0.06924643584521385,0.8888888888888888
23,27,0.07331975560081466,0.8888888888888888
23,28,0.07942973523421588,0.8888888888888888
23,29,0.0855397148676171,0.8888888888888888
23,30,0.09775967413441955,0.8888888888888888
23,31,0.109979633401222,0.8888888888888888
23,32,0.12016293279022404,0.8888888888888888
23,33,0.14052953156822812,0.8888888888888888
23,34,0.15071283095723015,0.8888888888888888
23,35,0.15478615071283094,0.8888888888888888
23,36,0.1710794297352342,0.8888888888888888
23,37,0.19959266802443992,0.8888888888888888
23,38,0.21181262729124237,0.8888888888888888
23,39,0.23217922606924643,0.8888888888888888
23,40,0.2525458248472505,0.8888888888888888
23,41,0.2790224032586558,0.8888888888888888
23,42,0.3014256619144603,0.8888888888888888
23,43,0.3360488798370672,0.8888888888888888
23,44,0.3543788187372709,0.8888888888888888
23,45,0.39918533604887985,0.8888888888888888
23,46,0.4317718940936864,0.8888888888888888
23,47,0.4725050916496945,0.8888888888888888
23,48,0.5682281059063137,1.0
23,49,0.9918533604887984,1.0
24,0,0.0,0.0
24,1,0.004073319755600814,0.3333333333333333
24,2,0.004073319755600814,0.3333333333333333
24,3,0.006109979633401222,0.4444444444444444
24,4,0.008146639511201629,0.5555555555555556
24,5,0.012219959266802444,0.5555555555555556
24,6,0.012219959266802444,0.5555555555555556
24,7,0.012219959266802444,0.6666666666666666
24,8,0.012219959266802444,0.6666666666666666
24,9,0.014256619144602852,0.7777777777777778
24,10,0.014256619144602852,0.7777777777777778
24,11,0.016293279022403257,0.7777777777777778
24,12,0.016293279022403257,0.7777777777777778
24,13,0.016293279022403257,0.7777777777777778
24,14,0.02240325865580448,0.7777777777777778
24,15,0.026476578411405296,0.7777777777777778
24,16,0.026476578411405296,0.8888888888888888
24,17,0.028513238289205704,0.8888888888888888
24,18,0.034623217922606926,0.8888888888888888
24,19,0.034623217922606926,0.8888888888888888
24,20,0.034623217922606926,0.8888888888888888
24,21,0.03665987780040733,0.8888888888888888
24,22,0.038696537678207736,0.8888888888888888
24,23,0.04480651731160896,0.8888888888888888
24,24,0.05295315682281059,0.8888888888888888
24,25,0.06517311608961303,0.8888888888888888
24,26,0.06924643584521385,0.8888888888888888
24,27,0.07331975560081466,0.8888888888888888
24,28,0.07942973523421588,0.8888888888888888
24,29,0.0855397148676171,0.8888888888888888
24,30,0.09775967413441955,0.8888888888888888
24,31,0.109979633401222,0.8888888888888888
24,32,0.12016293279022404,0.8888888888888888
24,33,0.14052953156822812,0.8888888888888888
24,34,0.15071283095723015,0.8888888888888888
24,35,0.15478615071283094,0.8888888888888888
24,36,0.1710794297352342,0.8888888888888888
24,37,0.19959266802443992,0.8888888888888888
24,38,0.21181262729124237,0.8888888888888888
24,39,0.23217922606924643,0.8888888888888888
24,40,0.2525458248472505,0.8888888888888888
24,41,0.2790224032586558,0.8888888888888888
24,42,0.3014256619144603,0.8888888888888888
24,43,0.3360488798370672,0.8888888888888888
24,44,0.3543788187372709,0.8888888888888888
24,45,0.39918533604887985,0.8888888888888888
24,46,0.4317718940936864,0.8888888888888888
24,47,0.4725050916496945,0.8888888888888888
24,48,0.5682281059063137,1.0
24,49,0.9918533604887984,1.0
25,0,0.0,0.0
25,1,0.004073319755600814,0.3333333333333333
25,2,0.004073319755600814,0.3333333333333333
25,3,0.006109979633401222,0.4444444444444444
25,4,0.008146639511201629,0.5555555555555556
25,5,0.012219959266802444,0.5555555555555556
25,6,0.012219959266802444,0.5555555555555556
25,7,0.012219959266802444,0.6666666666666666
25,8,0.012219959266802444,0.6666666666666666
25,9,0.014256619144602852,0.7777777777777778
25,10,0.014256619144602852,0.7777777777777778
25,11,0.016293279022403257,0.7777777777777778
25,12,0.016293279022403257,0.7777777777777778
25,13,0.016293279022403257,0.7777777777777778
25,14,0.02240325865580448,0.7777777777777778
25,15,0.026476578411405296,0.7777777777777778
25,16,0.026476578411405296,0.8888888888888888
25,17,0.028513238289205704,0.8888888888888888
25,18,0.034623217922606926,0.8888888888888888
25,19,0.034623217922606926,0.8888888888888888
25,20,0.034623217922606926,0.8888888888888888
25,21,0.03665987780040733,0.8888888888888888
25,22,0.038696537678207736,0.8888888888888888
25,23,0.04480651731160896,0.8888888888888888
25,24,0.05295315682281059,0.8888888888888888
25,25,0.06517311608961303,0.8888888888888888
25,26,0.06924643584521385,0.8888888888888888
25,27,0.07331975560081466,0.8888888888888888
25,28,0.07942973523421588,0.8888888888888888
25,29,0.0855397148676171,0.8888888888888888
25,30,0.09775967413441955,0.8888888888888888
25,31,0.109979633401222,0.8888888888888888
25,32,0.12016293279022404,0.8888888888888888
25,33,0.14052953156822812,0.8888888888888888
25,34,0.15071283095723015,0.8888888888888888
25,35,0.15478615071283094,0.8888888888888888
25,36,0.1710794297352342,0.8888888888888888
25,37,0.19959266802443992,0.8888888888888888
25,38,0.21181262729124237,0.8888888888888888
25,39,0.23217922606924643,0.8888888888888888
25,40,0.2525458248472505,0.8888888888888888
25,41,0.2790224032586558,0.8888888888888888
25,42,0.3014256619144603,0.8888888888888888
25,43,0.3360488798370672,0.8888888888888888
25,44,0.3543788187372709,0.8888888888888888
25,45,0.39918533604887985,0.8888888888888888
25,46,0.4317718940936864,0.8888888888888888
25,47,0.4725050916496945,0.8888888888888888
25,48,0.5682281059063137,1.0
25,49,0.9918533604887984,1.0
26,0,0.0,0.0
26,1,0.004073319755600814,0.3333333333333333
26,2,0.004073319755600814,0.3333333333333333
26,3,0.006109979633401222,0.4444444444444444
26,4,0.008146639511201629,0.5555555555555556
26,5,0.012219959266802444,0.5555555555555556
26,6,0.012219959266802444,0.5555555555555556
26,7,0.012219959266802444,0.6666666666666666
26,8,0.012219959266802444,0.6666666666666666
26,9,0.014256619144602852,0.7777777777777778
26,10,0.014256619144602852,0.7777777777777778
26,11,0.016293279022403257,0.7777777777777778
26,12,0.016293279022403257,0.7777777777777778
26,13,0.016293279022403257,0.7777777777777778
26,14,0.02240325865580448,0.7777777777777778
26,15,0.026476578411405296,0.7777777777777778
26,16,0.026476578411405296,0.8888888888888888
26,17,0.028513238289205704,0.8888888888888888
26,18,0.034623217922606926,0.8888888888888888
26,19,0.034623217922606926,0.8888888888888888
26,20,0.034623217922606926,0.8888888888888888
26,21,0.03665987780040733,0.8888888888888888
26,22,0.038696537678207736,0.8888888888888888
26,23,0.04480651731160896,0.8888888888888888
26,24,0.05295315682281059,0.8888888888888888
26,25,0.06517311608961303,0.8888888888888888
26,26,0.06924643584521385,0.8888888888888888
26,27,0.07331975560081466,0.8888888888888888
26,28,0.07942973523421588,0.8888888888888888
26,29,0.0855397148676171,0.8888888888888888
26,30,0.09775967413441955,0.8888888888888888
26,31,0.109979633401222,0.8888888888888888
26,32,0.12016293279022404,0.8888888888888888
26,33,0.14052953156822812,0.8888888888888888
26,34,0.15071283095723015,0.8888888888888888
26,35,0.15478615071283094,0.8888888888888888
26,36,0.1710794297352342,0.8888888888888888
26,37,0.19959266802443992,0.8888888888888888
26,38,0.21181262729124237,0.8888888888888888
26,39,0.23217922606924643,0.8888888888888888
26,40,0.2525458248472505,0.8888888888888888
26,41,0.2790224032586558,0.8888888888888888
26,42,0.3014256619144603,0.8888888888888888
26,43,0.3360488798370672,0.8888888888888888
26,44,0.3543788187372709,0.8888888888888888
26,45,0.39918533604887985,0.8888888888888888
26,46,0.4317718940936864,0.8888888888888888
26,47,0.4725050916496945,0.8888888888888888
26,48,0.5682281059063137,1.0
26,49,0.9918533604887984,1.0
27,0,0.0,0.0
27,1,0.004073319755600814,0.3333333333333333
27,2,0.004073319755600814,0.3333333333333333
27,3,0.006109979633401222,0.4444444444444444
27,4,0.008146639511201629,0.5555555555555556
27,5,0.012219959266802444,0.5555555555555556
27,6,0.012219959266802444,0.5555555555555556
27,7,0.012219959266802444,0.6666666666666666
27,8,0.012219959266802444,0.6666666666666666
27,9,0.014256619144602852,0.7777777777777778
27,10,0.014256619144602852,0.7777777777777778
27,11,0.016293279022403257,0.7777777777777778
27,12,0.016293279022403257,0.7777777777777778
27,13,0.016293279022403257,0.7777777777777778
27,14,0.02240325865580448,0.7777777777777778
27,15,0.026476578411405296,0.7777777777777778
27,16,0.026476578411405296,0.8888888888888888
27,17,0.028513238289205704,0.8888888888888888
27,18,0.034623217922606926,0.8888888888888888
27,19,0.034623217922606926,0.8888888888888888
27,20,0.034623217922606926,0.8888888888888888
27,21,0.03665987780040733,0.8888888888888888
27,22,0.038696537678207736,0.8888888888888888
27,23,0.04480651731160896,0.8888888888888888
27,24,0.05295315682281059,0.8888888888888888
27,25,0.06517311608961303,0.8888888888888888
27,26,0.06924643584521385,0.8888888888888888
27,27,0.07331975560081466,0.8888888888888888
27,28,0.07942973523421588,0.8888888888888888
27,29,0.0855397148676171,0.8888888888888888
27,30,0.09775967413441955,0.8888888888888888
27,31,0.109979633401222,0.8888888888888888
27,32,0.12016293279022404,0.8888888888888888
27,33,0.14052953156822812,0.8888888888888888
27,34,0.15071283095723015,0.8888888888888888
27,35,0.15478615071283094,0.8888888888888888
27,36,0.1710794297352342,0.8888888888888888
27,37,0.19959266802443992,0.8888888888888888
27,38,0.21181262729124237,0.8888888888888888
27,39,0.23217922606924643,0.8888888888888888
27,40,0.2525458248472505,0.8888888888888888
27,41,0.2790224032586558,0.8888888888888888
27,42,0.3014256619144603,0.8888888888888888
27,43,0.3360488798370672,0.8888888888888888
27,44,0.3543788187372709,0.8888888888888888
27,45,0.39918533604887985,0.8888888888888888
27,46,0.4317718940936864,0.8888888888888888
27,47,0.4725050916496945,0.8888888888888888
27,48,0.5682281059063137,1.0
27,49,0.9918533604887984,1.0
28,0,0.0,0.0
28,1,0.004073319755600814,0.3333333333333333
28,2,0.004073319755600814,0.3333333333333333
28,3,0.006109979633401222,0.4444444444444444
28,4,0.008146639511201629,0.5555555555555556
28,5,0.012219959266802444,0.5555555555555556
28,6,0.012219959266802444,0.5555555555555556
28,7,0.012219959266802444,0.6666666666666666
28,8,0.012219959266802444,0.6666666666666666
28,9,0.014256619144602852,0.7777777777777778
28,10,0.014256619144602852,0.7777777777777778
28,11,0.016293279022403257,0.7777777777777778
28,12,0.016293279022403257,0.7777777777777778
28,13,0.016293279022403257,0.7777777777777778
28,14,0.02240325865580448,0.7777777777777778
28,15,0.026476578411405296,0.7777777777777778
28,16,0.026476578411405296,0.8888888888888888
28,17,0.028513238289205704,0.8888888888888888
28,18,0.034623217922606926,0.8888888888888888
28,19,0.034623217922606926,0.8888888888888888
28,20,0.034623217922606926,0.8888888888888888
28,21,0.03665987780040733,0.8888888888888888
28,22,0.038696537678207736,0.8888888888888888
28,23,0.04480651731160896,0.8888888888888888
28,24,0.05295315682281059,0.8888888888888888
28,25,0.06517311608961303,0.8888888888888888
28,26,0.06924643584521385,0.8888888888888888
28,27,0.07331975560081466,0.8888888888888888
28,28,0.07942973523421588,0.8888888888888888
28,29,0.0855397148676171,0.8888888888888888
28,30,0.09775967413441955,0.8888888888888888
28,31,0.109979633401222,0.8888888888888888
28,32,0.12016293279022404,0.8888888888888888
28,33,0.14052953156822812,0.8888888888888888
28,34,0.15071283095723015,0.8888888888888888
28,35,0.15478615071283094,0.8888888888888888
28,36,0.1710794297352342,0.8888888888888888
28,37,0.19959266802443992,0.8888888888888888
28,38,0.21181262729124237,0.8888888888888888
28,39,0.23217922606924643,0.8888888888888888
28,40,0.2525458248472505,0.8888888888888888
28,41,0.2790224032586558,0.8888888888888888
28,42,0.3014256619144603,0.8888888888888888
28,43,0.3360488798370672,0.8888888888888888
28,44,0.3543788187372709,0.8888888888888888
28,45,0.39918533604887985,0.8888888888888888
28,46,0.4317718940936864,0.8888888888888888
28,47,0.4725050916496945,0.8888888888888888
28,48,0.5682281059063137,1.0
28,49,0.9918533604887984,1.0
29,0,0.0,0.0
29,1,0.004073319755600814,0.3333333333333333
29,2,0.004073319755600814,0.3333333333333333
29,3,0.006109979633401222,0.4444444444444444
29,4,0.008146639511201629,0.5555555555555556
29,5,0.012219959266802444,0.5555555555555556
29,6,0.012219959266802444,0.5555555555555556
29,7,0.012219959266802444,0.6666666666666666
29,8,0.012219959266802444,0.6666666666666666
29,9,0.014256619144602852,0.7777777777777778
29,10,0.014256619144602852,0.7777777777777778
29,11,0.016293279022403257,0.7777777777777778
29,12,0.016293279022403257,0.7777777777777778
29,13,0.016293279022403257,0.7777777777777778
29,14,0.02240325865580448,0.7777777777777778
29,15,0.026476578411405296,0.7777777777777778
29,16,0.026476578411405296,0.8888888888888888
29,17,0.028513238289205704,0.8888888888888888
29,18,0.034623217922606926,0.8888888888888888
29,19,0.034623217922606926,0.8888888888888888
29,20,0.034623217922606926,0.8888888888888888
29,21,0.03665987780040733,0.8888888888888888
29,22,0.038696537678207736,0.8888888888888888
29,23,0.04480651731160896,0.8888888888888888
29,24,0.05295315682281059,0.8888888888888888
29,25,0.06517311608961303,0.8888888888888888
29,26,0.06924643584521385,0.8888888888888888
29,27,0.07331975560081466,0.8888888888888888
29,28,0.07942973523421588,0.8888888888888888
29,29,0.0855397148676171,0.8888888888888888
29,30,0.09775967413441955,0.8888888888888888
29,31,0.109979633401222,0.8888888888888888
29,32,0.12016293279022404,0.8888888888888888
29,33,0.14052953156822812,0.8888888888888888
29,34,0.15071283095723015,0.8888888888888888
29,35,0.15478615071283094,0.8888888888888888
29,36,0.1710794297352342,0.8888888888888888
29,37,0.19959266802443992,0.8888888888888888
29,38,0.21181262729124237,0.8888888888888888
29,39,0.23217922606924643,0.8888888888888888
29,40,0.2525458248472505,0.8888888888888888
29,41,0.2790224032586558,0.8888888888888888
29,42,0.3014256619144603,0.8888888888888888
29,43,0.3360488798370672,0.8888888888888888
29,44,0.3543788187372709,0.8888888888888888
29,45,0.39918533604887985,0.8888888888888888
29,46,0.4317718940936864,0.8888888888888888
29,47,0.4725050916496945,0.8888888888888888
29,48,0.5682281059063137,1.0
29,49,0.9918533604887984,1.0
30,0,0.0,0.0
30,1,0.004073319755600814,0.3333333333333333
30,2,0.004073319755600814,0.3333333333333333
30,3,0.006109979633401222,0.4444444444444444
30,4,0.008146639511201629,0.5555555555555556
30,5,0.012219959266802444,0.5555555555555556
30,6,0.012219959266802444,0.5555555555555556
30,7,0.012219959266802444,0.6666666666666666
30,8,0.012219959266802444,0.6666666666666666
30,9,0.014256619144602852,0.7777777777777778
30,10,0.014256619144602852,0.7777777777777778
30,11,0.016293279022403257,0.7777777777777778
30,12,0.016293279022403257,0.7777777777777778
30,13,0.016293279022403257,0.7777777777777778
30,14,0.02240325865580448,0.7777777777777778
30,15,0.026476578411405296,0.7777777777777778
30,16,0.026476578411405296,0.8888888888888888
30,17,0.028513238289205704,0.8888888888888888
30,18,0.034623217922606926,0.8888888888888888
30,19,0.034623217922606926,0.8888888888888888
30,20,0.034623217922606926,0.8888888888888888
30,21,0.03665987780040733,0.8888888888888888
30,22,0.038696537678207736,0.8888888888888888
30,23,0.04480651731160896,0.8888888888888888
30,24,0.05295315682281059,0.8888888888888888
30,25,0.06517311608961303,0.8888888888888888
30,26,0.06924643584521385,0.8888888888888888
30,27,0.07331975560081466,0.8888888888888888
30,28,0.07942973523421588,0.8888888888888888
30,29,0.0855397148676171,0.8888888888888888
30,30,0.09775967413441955,0.8888888888888888
30,31,0.109979633401222,0.8888888888888888
30,32,0.12016293279022404,0.8888888888888888
30,33,0.14052953156822812,0.8888888888888888
30,34,0.15071283095723015,0.8888888888888888
30,35,0.15478615071283094,0.8888888888888888
30,36,0.1710794297352342,0.8888888888888888
30,37,0.19959266802443992,0.8888888888888888
30,38,0.21181262729124237,0.8888888888888888
30,39,0.23217922606924643,0.8888888888888888
30,40,0.2525458248472505,0.8888888888888888
30,41,0.2790224032586558,0.8888888888888888
30,42,0.3014256619144603,0.8888888888888888
30,43,0.3360488798370672,0.8888888888888888
30,44,0.3543788187372709,0.8888888888888888
30,45,0.39918533604887985,0.8888888888888888
30,46,0.4317718940936864,0.8888888888888888
30,47,0.4725050916496945,0.8888888888888888
30,48,0.5682281059063137,1.0
30,49,0.9918533604887984,1.0
31,0,0.0,0.0
31,1,0.004073319755600814,0.3333333333333333
31,2,0.004073319755600814,0.3333333333333333
31,3,0.006109979633401222,0.4444444444444444
31,4,0.008146639511201629,0.5555555555555556
31,5,0.012219959266802444,0.5555555555555556
31,6,0.012219959266802444,0.5555555555555556
31,7,0.012219959266802444,0.6666666666666666
31,8,0.012219959266802444,0.6666666666666666
31,9,0.014256619144602852,0.7777777777777778
31,10,0.014256619144602852,0.7777777777777778
31,11,0.016293279022403257,0.7777777777777778
31,12,0.016293279022403257,0.7777777777777778
31,13,0.016293279022403257,0.7777777777777778
31,14,0.02240325865580448,0.7777777777777778
31,15,0.026476578411405296,0.7777777777777778
31,16,0.026476578411405296,0.8888888888888888
31,17,0.028513238289205704,0.8888888888888888
31,18,0.034623217922606926,0.8888888888888888
31,19,0.034623217922606926,0.8888888888888888
31,20,0.034623217922606926,0.8888888888888888
31,21,0.03665987780040733,0.8888888888888888
31,22,0.038696537678207736,0.8888888888888888
31,23,0.04480651731160896,0.8888888888888888
31,24,0.05295315682281059,0.8888888888888888
31,25,0.06517311608961303,0.8888888888888888
31,26,0.06924643584521385,0.8888888888888888
31,27,0.07331975560081466,0.8888888888888888
31,28,0.07942973523421588,0.8888888888888888
31,29,0.0855397148676171,0.8888888888888888
31,30,0.09775967413441955,0.8888888888888888
31,31,0.109979633401222,0.8888888888888888
31,32,0.12016293279022404,0.8888888888888888
31,33,0.14052953156822812,0.8888888888888888
31,34,0.15071283095723015,0.8888888888888888
31,35,0.15478615071283094,0.8888888888888888
31,36,0.1710794297352342,0.8888888888888888
31,37,0.19959266802443992,0.8888888888888888
31,38,0.21181262729124237,0.8888888888888888
31,39,0.23217922606924643,0.8888888888888888
31,40,0.2525458248472505,0.8888888888888888
31,41,0.2790224032586558,0.8888888888888888
31,42,0.3014256619144603,0.8888888888888888
31,43,0.3360488798370672,0.8888888888888888
31,44,0.3543788187372709,0.8888888888888888
31,45,0.39918533604887985,0.8888888888888888
31,46,0.4317718940936864,0.8888888888888888
31,47,0.4725050916496945,0.8888888888888888
31,48,0.5682281059063137,1.0
31,49,0.9918533604887984,1.0
32,0,0.0,0.0
32,1,0.004073319755600814,0.3333333333333333
32,2,0.004073319755600814,0.3333333333333333
32,3,0.006109979633401222,0.4444444444444444
32,4,0.008146639511201629,0.5555555555555556
32,5,0.012219959266802444,0.5555555555555556
32,6,0.012219959266802444,0.5555555555555556
32,7,0.012219959266802444,0.6666666666666666
32,8,0.012219959266802444,0.6666666666666666
32,9,0.014256619144602852,0.7777777777777778
32,10,0.014256619144602852,0.7777777777777778
32,11,0.016293279022403257,0.7777777777777778
32,12,0.016293279022403257,0.7777777777777778
32,13,0.016293279022403257,0.7777777777777778
32,14,0.02240325865580448,0.7777777777777778
32,15,0.026476578411405296,0.7777777777777778
32,16,0.026476578411405296,0.8888888888888888
32,17,0.028513238289205704,0.8888888888888888
32,18,0.034623217922606926,0.8888888888888888
32,19,0.034623217922606926,0.8888888888888888
32,20,0.034623217922606926,0.8888888888888888
32,21,0.03665987780040733,0.8888888888888888
32,22,0.038696537678207736,0.8888888888888888
32,23,0.04480651731160896,0.8888888888888888
32,24,0.05295315682281059,0.8888888888888888
32,25,0.06517311608961303,0.8888888888888888
32,26,0.06924643584521385,0.8888888888888888
32,27,0.07331975560081466,0.8888888888888888
32,28,0.07942973523421588,0.8888888888888888
32,29,0.0855397148676171,0.8888888888888888
32,30,0.09775967413441955,0.8888888888888888
32,31,0.109979633401222,0.8888888888888888
32,32,0.12016293279022404,0.8888888888888888
32,33,0.14052953156822812,0.8888888888888888
32,34,0.15071283095723015,0.8888888888888888
32,35,0.15478615071283094,0.8888888888888888
32,36,0.1710794297352342,0.8888888888888888
32,37,0.19959266802443992,0.8888888888888888
32,38,0.21181262729124237,0.8888888888888888
32,39,0.23217922606924643,0.8888888888888888
32,40,0.2525458248472505,0.8888888888888888
32,41,0.2790224032586558,0.8888888888888888
32,42,0.3014256619144603,0.8888888888888888
32,43,0.3360488798370672,0.8888888888888888
32,44,0.3543788187372709,0.8888888888888888
32,45,0.39918533604887985,0.8888888888888888
32,46,0.4317718940936864,0.8888888888888888
32,47,0.4725050916496945,0.8888888888888888
32,48,0.5682281059063137,1.0
32,49,0.9918533604887984,1.0
33,0,0.0,0.0
33,1,0.004073319755600814,0.3333333333333333
33,2,0.004073319755600814,0.3333333333333333
33,3,0.006109979633401222,0.4444444444444444
33,4,0.008146639511201629,0.5555555555555556
33,5,0.012219959266802444,0.5555555555555556
33,6,0.012219959266802444,0.5555555555555556
33,7,0.012219959266802444,0.6666666666666666
33,8,0.012219959266802444,0.6666666666666666
33,9,0.014256619144602852,0.7777777777777778
33,10,0.014256619144602852,0.7777777777777778
33,11,0.016293279022403257,0.7777777777777778
33,12,0.016293279022403257,0.7777777777777778
33,13,0.016293279022403257,0.7777777777777778
33,14,0.02240325865580448,0.7777777777777778
33,15,0.026476578411405296,0.7777777777777778
33,16,0.026476578411405296,0.8888888888888888
33,17,0.028513238289205704,0.8888888888888888
33,18,0.034623217922606926,0.8888888888888888
33,19,0.034623217922606926,0.8888888888888888
33,20,0.034623217922606926,0.8888888888888888
33,21,0.03665987780040733,0.8888888888888888
33,22,0.038696537678207736,0.8888888888888888
33,23,0.04480651731160896,0.8888888888888888
33,24,0.05295315682281059,0.8888888888888888
33,25,0.06517311608961303,0.8888888888888888
33,26,0.06924643584521385,0.8888888888888888
33,27,0.07331975560081466,0.8888888888888888
33,28,0.07942973523421588,0.8888888888888888
33,29,0.0855397148676171,0.8888888888888888
33,30,0.09775967413441955,0.8888888888888888
33,31,0.109979633401222,0.8888888888888888
33,32,0.12016293279022404,0.8888888888888888
33,33,0.14052953156822812,0.8888888888888888
33,34,0.15071283095723015,0.8888888888888888
33,35,0.15478615071283094,0.8888888888888888
33,36,0.1710794297352342,0.8888888888888888
33,37,0.19959266802443992,0.8888888888888888
33,38,0.21181262729124237,0.8888888888888888
33,39,0.23217922606924643,0.8888888888888888
33,40,0.2525458248472505,0.8888888888888888
33,41,0.2790224032586558,0.8888888888888888
33,42,0.3014256619144603,0.8888888888888888
33,43,0.3360488798370672,0.8888888888888888
33,44,0.3543788187372709,0.8888888888888888
33,45,0.39918533604887985,0.8888888888888888
33,46,0.4317718940936864,0.8888888888888888
33,47,0.4725050916496945,0.8888888888888888
33,48,0.5682281059063137,1.0
33,49,0.9918533604887984,1.0
34,0,0.0,0.0
34,1,0.004073319755600814,0.3333333333333333
34,2,0.004073319755600814,0.3333333333333333
34,3,0.006109979633401222,0.4444444444444444
34,4,0.008146639511201629,0.5555555555555556
34,5,0.012219959266802444,0.5555555555555556
34,6,0.012219959266802444,0.5555555555555556
34,7,0.012219959266802444,0.6666666666666666
34,8,0.012219959266802444,0.6666666666666666
34,9,0.014256619144602852,0.7777777777777778
34,10,0.014256619144602852,0.7777777777777778
34,11,0.016293279022403257,0.7777777777777778
34,12,0.016293279022403257,0.7777777777777778
34,13,0.016293279022403257,0.7777777777777778
34,14,0.02240325865580448,0.7777777777777778
34,15,0.026476578411405296,0.7777777777777778
34,16,0.026476578411405296,0.8888888888888888
34,17,0.028513238289205704,0.8888888888888888
34,18,0.034623217922606926,0.8888888888888888
34,19,0.034623217922606926,0.8888888888888888
34,20,0.034623217922606926,0.8888888888888888
34,21,0.03665987780040733,0.8888888888888888
34,22,0.038696537678207736,0.8888888888888888
34,23,0.04480651731160896,0.8888888888888888
34,24,0.05295315682281059,0.8888888888888888
34,25,0.06517311608961303,0.8888888888888888
34,26,0.06924643584521385,0.8888888888888888
34,27,0.07331975560081466,0.8888888888888888
34,28,0.07942973523421588,0.8888888888888888
34,29,0.0855397148676171,0.8888888888888888
34,30,0.09775967413441955,0.8888888888888888
34,31,0.109979633401222,0.8888888888888888
34,32,0.12016293279022404,0.8888888888888888
34,33,0.14052953156822812,0.8888888888888888
34,34,0.15071283095723015,0.8888888888888888
34,35,0.15478615071283094,0.8888888888888888
34,36,0.1710794297352342,0.8888888888888888
34,37,0.19959266802443992,0.8888888888888888
34,38,0.21181262729124237,0.8888888888888888
34,39,0.23217922606924643,0.8888888888888888
34,40,0.2525458248472505,0.8888888888888888
34,41,0.2790224032586558,0.8888888888888888
34,42,0.3014256619144603,0.8888888888888888
34,43,0.3360488798370672,0.8888888888888888
34,44,0.3543788187372709,0.8888888888888888
34,45,0.39918533604887985,0.8888888888888888
34,46,0.4317718940936864,0.8888888888888888
34,47,0.4725050916496945,0.8888888888888888
34,48,0.5682281059063137,1.0
34,49,0.9918533604887984,1.0
35,0,0.0,0.0
35,1,0.004073319755600814,0.3333333333333333
35,2,0.004073319755600814,0.3333333333333333
35,3,0.006109979633401222,0.4444444444444444
35,4,0.008146639511201629,0.5555555555555556
35,5,0.012219959266802444,0.5555555555555556
35,6,0.012219959266802444,0.5555555555555556
35,7,0.012219959266802444,0.6666666666666666
35,8,0.012219959266802444,0.6666666666666666
35,9,0.014256619144602852,0.7777777777777778
35,10,0.014256619144602852,0.7777777777777778
35,11,0.016293279022403257,0.7777777777777778
35,12,0.016293279022403257,0.7777777777777778
35,13,0.016293279022403257,0.7777777777777778
35,14,0.02240325865580448,0.7777777777777778
35,15,0.026476578411405296,0.7777777777777778
35,16,0.026476578411405296,0.8888888888888888
35,17,0.028513238289205704,0.8888888888888888
35,18,0.034623217922606926,0.8888888888888888
35,19,0.034623217922606926,0.8888888888888888
35,20,0.034623217922606926,0.8888888888888888
35,21,0.03665987780040733,0.8888888888888888
35,22,0.038696537678207736,0.8888888888888888
35,23,0.04480651731160896,0.8888888888888888
35,24,0.05295315682281059,0.8888888888888888
35,25,0.06517311608961303,0.8888888888888888
35,26,0.06924643584521385,0.8888888888888888
35,27,0.07331975560081466,0.8888888888888888
35,28,0.07942973523421588,0.8888888888888888
35,29,0.0855397148676171,0.8888888888888888
35,30,0.09775967413441955,0.8888888888888888
35,31,0.109979633401222,0.8888888888888888
35,32,0.12016293279022404,0.8888888888888888
35,33,0.14052953156822812,0.8888888888888888
35,34,0.15071283095723015,0.8888888888888888
35,35,0.15478615071283094,0.8888888888888888
35,36,0.1710794297352342,0.8888888888888888
35,37,0.19959266802443992,0.8888888888888888
35,38,0.21181262729124237,0.8888888888888888
35,39,0.23217922606924643,0.8888888888888888
35,40,0.2525458248472505,0.8888888888888888
35,41,0.2790224032586558,0.8888888888888888
35,42,0.3014256619144603,0.8888888888888888
35,43,0.3360488798370672,0.8888888888888888
35,44,0.3543788187372709,0.8888888888888888
35,45,0.39918533604887985,0.8888888888888888
35,46,0.4317718940936864,0.8888888888888888
35,47,0.4725050916496945,0.8888888888888888
35,48,0.5682281059063137,1.0
35,49,0.9918533604887984,1.0
36,0,0.0,0.0
36,1,0.004073319755600814,0.3333333333333333
36,2,0.004073319755600814,0.3333333333333333
36,3,0.006109979633401222,0.4444444444444444
36,4,0.008146639511201629,0.5555555555555556
36,5,0.012219959266802444,0.5555555555555556
36,6,0.012219959266802444,0.5555555555555556
36,7,0.012219959266802444,0.6666666666666666
36,8,0.012219959266802444,0.6666666666666666
36,9,0.014256619144602852,0.7777777777777778
36,10,0.014256619144602852,0.7777777777777778
36,11,0.016293279022403257,0.7777777777777778
36,12,0.016293279022403257,0.7777777777777778
36,13,0.016293279022403257,0.7777777777777778
36,14,0.02240325865580448,0.7777777777777778
36,15,0.026476578411405296,0.7777777777777778
36,16,0.026476578411405296,0.8888888888888888
36,17,0.028513238289205704,0.8888888888888888
36,18,0.034623217922606926,0.8888888888888888
36,19,0.034623217922606926,0.8888888888888888
36,20,0.034623217922606926,0.8888888888888888
36,21,0.03665987780040733,0.8888888888888888
36,22,0.038696537678207736,0.8888888888888888
36,23,0.04480651731160896,0.8888888888888888
36,24,0.05295315682281059,0.8888888888888888
36,25,0.06517311608961303,0.8888888888888888
36,26,0.06924643584521385,0.8888888888888888
36,27,0.07331975560081466,0.8888888888888888
36,28,0.07942973523421588,0.8888888888888888
36,29,0.0855397148676171,0.8888888888888888
36,30,0.09775967413441955,0.8888888888888888
36,31,0.109979633401222,0.8888888888888888
36,32,0.12016293279022404,0.8888888888888888
36,33,0.14052953156822812,0.8888888888888888
36,34,0.15071283095723015,0.8888888888888888
36,35,0.15478615071283094,0.8888888888888888
36,36,0.1710794297352342,0.8888888888888888
36,37,0.19959266802443992,0.8888888888888888
36,38,0.21181262729124237,0.8888888888888888
36,39,0.23217922606924643,0.8888888888888888
36,40,0.2525458248472505,0.8888888888888888
36,41,0.2790224032586558,0.8888888888888888
36,42,0.3014256619144603,0.8888888888888888
36,43,0.3360488798370672,0.8888888888888888
36,44,0.3543788187372709,0.8888888888888888
36,45,0.39918533604887985,0.8888888888888888
36,46,0.4317718940936864,0.8888888888888888
36,47,0.4725050916496945,0.8888888888888888
36,48,0.5682281059063137,1.0
36,49,0.9918533604887984,1.0
37,0,0.0,0.0
37,1,0.004073319755600814,0.3333333333333333
37,2,0.004073319755600814,0.3333333333333333
37,3,0.006109979633401222,0.4444444444444444
37,4,0.008146639511201629,0.5555555555555556
37,5,0.012219959266802444,0.5555555555555556
37,6,0.012219959266802444,0.5555555555555556
37,7,0.012219959266802444,0.6666666666666666
37,8,0.012219959266802444,0.6666666666666666
37,9,0.014256619144602852,0.7777777777777778
37,10,0.014256619144602852,0.7777777777777778
37,11,0.016293279022403257,0.7777777777777778
37,12,0.016293279022403257,0.7777777777777778
37,13,0.016293279022403257,0.7777777777777778
37,14,0.02240325865580448,0.7777777777777778
37,15,0.026476578411405296,0.7777777777777778
37,16,0.026476578411405296,0.8888888888888888
37,17,0.028513238289205704,0.8888888888888888
37,18,0.034623217922606926,0.8888888888888888
37,19,0.034623217922606926,0.8888888888888888
37,20,0.034623217922606926,0.8888888888888888
37,21,0.03665987780040733,0.8888888888888888
37,22,0.038696537678207736,0.8888888888888888
37,23,0.04480651731160896,0.8888888888888888
37,24,0.05295315682281059,0.8888888888888888
37,25,0.06517311608961303,0.8888888888888888
37,26,0.06924643584521385,0.8888888888888888
37,27,0.07331975560081466,0.8888888888888888
37,28,0.07942973523421588,0.8888888888888888
37,29,0.0855397148676171,0.8888888888888888
37,30,0.09775967413441955,0.8888888888888888
37,31,0.109979633401222,0.8888888888888888
37,32,0.12016293279022404,0.8888888888888888
37,33,0.14052953156822812,0.8888888888888888
37,34,0.15071283095723015,0.8888888888888888
37,35,0.15478615071283094,0.8888888888888888
37,36,0.1710794297352342,0.8888888888888888
37,37,0.19959266802443992,0.8888888888888888
37,38,0.21181262729124237,0.8888888888888888
37,39,0.23217922606924643,0.8888888888888888
37,40,0.2525458248472505,0.8888888888888888
37,41,0.2790224032586558,0.8888888888888888
37,42,0.3014256619144603,0.8888888888888888
37,43,0.3360488798370672,0.8888888888888888
37,44,0.3543788187372709,0.8888888888888888
37,45,0.39918533604887985,0.8888888888888888
37,46,0.4317718940936864,0.8888888888888888
37,47,0.4725050916496945,0.8888888888888888
37,48,0.5682281059063137,1.0
37,49,0.9918533604887984,1.0
38,0,0.0,0.0
38,1,0.004073319755600814,0.3333333333333333
38,2,0.004073319755600814,0.3333333333333333
38,3,0.006109979633401222,0.4444444444444444
38,4,0.008146639511201629,0.5555555555555556
38,5,0.012219959266802444,0.5555555555555556
38,6,0.012219959266802444,0.5555555555555556
38,7,0.012219959266802444,0.6666666666666666
38,8,0.012219959266802444,0.6666666666666666
38,9,0.014256619144602852,0.7777777777777778
38,10,0.014256619144602852,0.7777777777777778
38,11,0.016293279022403257,0.7777777777777778
38,12,0.016293279022403257,0.7777777777777778
38,13,0.016293279022403257,0.7777777777777778
38,14,0.02240325865580448,0.7777777777777778
38,15,0.026476578411405296,0.7777777777777778
38,16,0.026476578411405296,0.8888888888888888
38,17,0.028513238289205704,0.8888888888888888
38,18,0.034623217922606926,0.8888888888888888
38,19,0.034623217922606926,0.8888888888888888
38,20,0.034623217922606926,0.8888888888888888
38,21,0.03665987780040733,0.8888888888888888
38,22,0.038696537678207736,0.8888888888888888
38,23,0.04480651731160896,0.8888888888888888
38,24,0.05295315682281059,0.8888888888888888
38,25,0.06517311608961303,0.8888888888888888
38,26,0.06924643584521385,0.8888888888888888
38,27,0.07331975560081466,0.8888888888888888
38,28,0.07942973523421588,0.8888888888888888
38,29,0.0855397148676171,0.8888888888888888
38,30,0.09775967413441955,0.8888888888888888
38,31,0.109979633401222,0.8888888888888888
38,32,0.12016293279022404,0.8888888888888888
38,33,0.14052953156822812,0.8888888888888888
38,34,0.15071283095723015,0.8888888888888888
38,35,0.15478615071283094,0.8888888888888888
38,36,0.1710794297352342,0.8888888888888888
38,37,0.19959266802443992,0.8888888888888888
38,38,0.21181262729124237,0.8888888888888888
38,39,0.23217922606924643,0.8888888888888888
38,40,0.2525458248472505,0.8888888888888888
38,41,0.2790224032586558,0.8888888888888888
38,42,0.3014256619144603,0.8888888888888888
38,43,0.3360488798370672,0.8888888888888888
38,44,0.3543788187372709,0.8888888888888888
38,45,0.39918533604887985,0.8888888888888888
38,46,0.4317718940936864,0.8888888888888888
38,47,0.4725050916496945,0.8888888888888888
38,48,0.5682281059063137,1.0
38,49,0.9918533604887984,1.0
39,0,0.0,0.0
39,1,0.004073319755600814,0.3333333333333333
39,2,0.004073319755600814,0.3333333333333333
39,3,0.006109979633401222,0.4444444444444444
39,4,0.008146639511201629,0.5555555555555556
39,5,0.012219959266802444,0.5555555555555556
39,6,0.012219959266802444,0.5555555555555556
39,7,0.012219959266802444,0.6666666666666666
39,8,0.012219959266802444,0.6666666666666666
39,9,0.014256619144602852,0.7777777777777778
39,10,0.014256619144602852,0.7777777777777778
39,11,0.016293279022403257,0.7777777777777778
39,12,0.016293279022403257,0.7777777777777778
39,13,0.016293279022403257,0.7777777777777778
39,14,0.02240325865580448,0.7777777777777778
39,15,0.026476578411405296,0.7777777777777778
39,16,0.026476578411405296,0.8888888888888888
39,17,0.028513238289205704,0.8888888888888888
39,18,0.034623217922606926,0.8888888888888888
39,19,0.034623217922606926,0.8888888888888888
39,20,0.034623217922606926,0.8888888888888888
39,21,0.03665987780040733,0.8888888888888888
39,22,0.038696537678207736,0.8888888888888888
39,23,0.04480651731160896,0.8888888888888888
39,24,0.05295315682281059,0.8888888888888888
39,25,0.06517311608961303,0.8888888888888888
39,26,0.06924643584521385,0.8888888888888888
39,27,0.07331975560081466,0.8888888888888888
39,28,0.07942973523421588,0.8888888888888888
39,29,0.0855397148676171,0.8888888888888888
39,30,0.09775967413441955,0.8888888888888888
39,31,0.109979633401222,0.8888888888888888
39,32,0.12016293279022404,0.8888888888888888
39,33,0.14052953156822812,0.8888888888888888
39,34,0.15071283095723015,0.8888888888888888
39,35,0.15478615071283094,0.8888888888888888
39,36,0.1710794297352342,0.8888888888888888
39,37,0.19959266802443992,0.8888888888888888
39,38,0.21181262729124237,0.8888888888888888
39,39,0.23217922606924643,0.8888888888888888
39,40,0.2525458248472505,0.8888888888888888
39,41,0.2790224032586558,0.8888888888888888
39,42,0.3014256619144603,0.8888888888888888
39,43,0.3360488798370672,0.8888888888888888
39,44,0.3543788187372709,0.8888888888888888
39,45,0.39918533604887985,0.8888888888888888
39,46,0.4317718940936864,0.8888888888888888
39,47,0.4725050916496945,0.8888888888888888
39,48,0.5682281059063137,1.0
39,49,0.9918533604887984,1.0
40,0,0.0,0.0
40,1,0.004073319755600814,0.3333333333333333
40,2,0.004073319755600814,0.3333333333333333
40,3,0.006109979633401222,0.4444444444444444
40,4,0.008146639511201629,0.5555555555555556
40,5,0.012219959266802444,0.5555555555555556
40,6,0.012219959266802444,0.5555555555555556
40,7,0.012219959266802444,0.6666666666666666
40,8,0.012219959266802444,0.6666666666666666
40,9,0.014256619144602852,0.7777777777777778
40,10,0.014256619144602852,0.7777777777777778
40,11,0.016293279022403257,0.7777777777777778
40,12,0.016293279022403257,0.7777777777777778
40,13,0.016293279022403257,0.7777777777777778
40,14,0.02240325865580448,0.7777777777777778
40,15,0.026476578411405296,0.7777777777777778
40,16,0.026476578411405296,0.8888888888888888
40,17,0.028513238289205704,0.8888888888888888
40,18,0.034623217922606926,0.8888888888888888
40,19,0.034623217922606926,0.8888888888888888
40,20,0.034623217922606926,0.8888888888888888
40,21,0.03665987780040733,0.8888888888888888
40,22,0.038696537678207736,0.8888888888888888
40,23,0.04480651731160896,0.8888888888888888
40,24,0.05295315682281059,0.8888888888888888
40,25,0.06517311608961303,0.8888888888888888
40,26,0.06924643584521385,0.8888888888888888
40,27,0.07331975560081466,0.8888888888888888
40,28,0.07942973523421588,0.8888888888888888
40,29,0.0855397148676171,0.8888888888888888
40,30,0.09775967413441955,0.8888888888888888
40,31,0.109979633401222,0.8888888888888888
40,32,0.12016293279022404,0.8888888888888888
40,33,0.14052953156822812,0.8888888888888888
40,34,0.15071283095723015,0.8888888888888888
40,35,0.15478615071283094,0.8888888888888888
40,36,0.1710794297352342,0.8888888888888888
40,37,0.19959266802443992,0.8888888888888888
40,38,0.21181262729124237,0.8888888888888888
40,39,0.23217922606924643,0.8888888888888888
40,40,0.2525458248472505,0.8888888888888888
40,41,0.2790224032586558,0.8888888888888888
40,42,0.3014256619144603,0.8888888888888888
40,43,0.3360488798370672,0.8888888888888888
40,44,0.3543788187372709,0.8888888888888888
40,45,0.39918533604887985,0.8888888888888888
40,46,0.4317718940936864,0.8888888888888888
40,47,0.4725050916496945,0.8888888888888888
40,48,0.5682281059063137,1.0
40,49,0.9918533604887984,1.0
41,0,0.0,0.0
41,1,0.004073319755600814,0.3333333333333333
41,2,0.004073319755600814,0.3333333333333333
41,3,0.006109979633401222,0.4444444444444444
41,4,0.008146639511201629,0.5555555555555556
41,5,0.012219959266802444,0.5555555555555556
41,6,0.012219959266802444,0.5555555555555556
41,7,0.012219959266802444,0.6666666666666666
41,8,0.012219959266802444,0.6666666666666666
41,9,0.014256619144602852,0.7777777777777778
41,10,0.014256619144602852,0.7777777777777778
41,11,0.016293279022403257,0.7777777777777778
41,12,0.016293279022403257,0.7777777777777778
41,13,0.016293279022403257,0.7777777777777778
41,14,0.02240325865580448,0.7777777777777778
41,15,0.026476578411405296,0.7777777777777778
41,16,0.026476578411405296,0.8888888888888888
41,17,0.028513238289205704,0.8888888888888888
41,18,0.034623217922606926,0.8888888888888888
41,19,0.034623217922606926,0.8888888888888888
41,20,0.034623217922606926,0.8888888888888888
41,21,0.03665987780040733,0.8888888888888888
41,22,0.038696537678207736,0.8888888888888888
41,23,0.04480651731160896,0.8888888888888888
41,24,0.05295315682281059,0.8888888888888888
41,25,0.06517311608961303,0.8888888888888888
41,26,0.06924643584521385,0.8888888888888888
41,27,0.07331975560081466,0.8888888888888888
41,28,0.07942973523421588,0.8888888888888888
41,29,0.0855397148676171,0.8888888888888888
41,30,0.09775967413441955,0.8888888888888888
41,31,0.109979633401222,0.8888888888888888
41,32,0.12016293279022404,0.8888888888888888
41,33,0.14052953156822812,0.8888888888888888
41,34,0.15071283095723015,0.8888888888888888
41,35,0.15478615071283094,0.8888888888888888
41,36,0.1710794297352342,0.8888888888888888
41,37,0.19959266802443992,0.8888888888888888
41,38,0.21181262729124237,0.8888888888888888
41,39,0.23217922606924643,0.8888888888888888
41,40,0.2525458248472505,0.8888888888888888
41,41,0.2790224032586558,0.8888888888888888
41,42,0.3014256619144603,0.8888888888888888
41,43,0.3360488798370672,0.8888888888888888
41,44,0.3543788187372709,0.8888888888888888
41,45,0.39918533604887985,0.8888888888888888
41,46,0.4317718940936864,0.8888888888888888
41,47,0.4725050916496945,0.8888888888888888
41,48,0.5682281059063137,1.0
41,49,0.9918533604887984,1.0
42,0,0.0,0.0
42,1,0.004073319755600814,0.3333333333333333
42,2,0.004073319755600814,0.3333333333333333
42,3,0.006109979633401222,0.4444444444444444
42,4,0.008146639511201629,0.5555555555555556
42,5,0.012219959266802444,0.5555555555555556
42,6,0.012219959266802444,0.5555555555555556
42,7,0.012219959266802444,0.6666666666666666
42,8,0.012219959266802444,0.6666666666666666
42,9,0.014256619144602852,0.7777777777777778
42,10,0.014256619144602852,0.7777777777777778
42,11,0.016293279022403257,0.7777777777777778
42,12,0.016293279022403257,0.7777777777777778
42,13,0.016293279022403257,0.7777777777777778
42,14,0.02240325865580448,0.7777777777777778
42,15,0.026476578411405296,0.7777777777777778
42,16,0.026476578411405296,0.8888888888888888
42,17,0.028513238289205704,0.8888888888888888
42,18,0.034623217922606926,0.8888888888888888
42,19,0.034623217922606926,0.8888888888888888
42,20,0.034623217922606926,0.8888888888888888
42,21,0.03665987780040733,0.8888888888888888
42,22,0.038696537678207736,0.8888888888888888
42,23,0.04480651731160896,0.8888888888888888
42,24,0.05295315682281059,0.8888888888888888
42,25,0.06517311608961303,0.8888888888888888
42,26,0.06924643584521385,0.8888888888888888
42,27,0.07331975560081466,0.8888888888888888
42,28,0.07942973523421588,0.8888888888888888
42,29,0.0855397148676171,0.8888888888888888
42,30,0.09775967413441955,0.8888888888888888
42,31,0.109979633401222,0.8888888888888888
42,32,0.12016293279022404,0.8888888888888888
42,33,0.14052953156822812,0.8888888888888888
42,34,0.15071283095723015,0.8888888888888888
42,35,0.15478615071283094,0.8888888888888888
42,36,0.1710794297352342,0.8888888888888888
42,37,0.19959266802443992,0.8888888888888888
42,38,0.21181262729124237,0.8888888888888888
42,39,0.23217922606924643,0.8888888888888888
42,40,0.2525458248472505,0.8888888888888888
42,41,0.2790224032586558,0.8888888888888888
42,42,0.3014256619144603,0.8888888888888888
42,43,0.3360488798370672,0.8888888888888888
42,44,0.3543788187372709,0.8888888888888888
42,45,0.39918533604887985,0.8888888888888888
42,46,0.4317718940936864,0.8888888888888888
42,47,0.4725050916496945,0.8888888888888888
42,48,0.5682281059063137,1.0
42,49,0.9918533604887984,1.0
43,0,0.0,0.0
43,1,0.004073319755600814,0.3333333333333333
43,2,0.004073319755600814,0.3333333333333333
43,3,0.006109979633401222,0.4444444444444444
43,4,0.008146639511201629,0.5555555555555556
43,5,0.012219959266802444,0.5555555555555556
43,6,0.012219959266802444,0.5555555555555556
43,7,0.012219959266802444,0.6666666666666666
43,8,0.012219959266802444,0.6666666666666666
43,9,0.014256619144602852,0.7777777777777778
43,10,0.014256619144602852,0.7777777777777778
43,11,0.016293279022403257,0.7777777777777778
43,12,0.016293279022403257,0.7777777777777778
43,13,0.016293279022403257,0.7777777777777778
43,14,0.02240325865580448,0.7777777777777778
43,15,0.026476578411405296,0.7777777777777778
43,16,0.026476578411405296,0.8888888888888888
43,17,0.028513238289205704,0.8888888888888888
43,18,0.034623217922606926,0.8888888888888888
43,19,0.034623217922606926,0.8888888888888888
43,20,0.034623217922606926,0.8888888888888888
43,21,0.03665987780040733,0.8888888888888888
43,22,0.038696537678207736,0.8888888888888888
43,23,0.04480651731160896,0.8888888888888888
43,24,0.05295315682281059,0.8888888888888888
43,25,0.06517311608961303,0.8888888888888888
43,26,0.06924643584521385,0.8888888888888888
43,27,0.07331975560081466,0.8888888888888888
43,28,0.07942973523421588,0.8888888888888888
43,29,0.0855397148676171,0.8888888888888888
43,30,0.09775967413441955,0.8888888888888888
43,31,0.109979633401222,0.8888888888888888
43,32,0.12016293279022404,0.8888888888888888
43,33,0.14052953156822812,0.8888888888888888
43,34,0.15071283095723015,0.8888888888888888
43,35,0.15478615071283094,0.8888888888888888
43,36,0.1710794297352342,0.8888888888888888
43,37,0.19959266802443992,0.8888888888888888
43,38,0.21181262729124237,0.8888888888888888
43,39,0.23217922606924643,0.8888888888888888
43,40,0.2525458248472505,0.8888888888888888
43,41,0.2790224032586558,0.8888888888888888
43,42,0.3014256619144603,0.8888888888888888
43,43,0.3360488798370672,0.8888888888888888
43,44,0.3543788187372709,0.8888888888888888
43,45,0.39918533604887985,0.8888888888888888
43,46,0.4317718940936864,0.8888888888888888
43,47,0.4725050916496945,0.8888888888888888
43,48,0.5682281059063137,1.0
43,49,0.9918533604887984,1.0
44,0,0.0,0.0
44,1,0.004073319755600814,0.3333333333333333
44,2,0.004073319755600814,0.3333333333333333
44,3,0.006109979633401222,0.4444444444444444
44,4,0.008146639511201629,0.5555555555555556
44,5,0.012219959266802444,0.5555555555555556
44,6,0.012219959266802444,0.5555555555555556
44,7,0.012219959266802444,0.6666666666666666
44,8,0.012219959266802444,0.6666666666666666
44,9,0.014256619144602852,0.7777777777777778
44,10,0.014256619144602852,0.7777777777777778
44,11,0.016293279022403257,0.7777777777777778
44,12,0.016293279022403257,0.7777777777777778
44,13,0.016293279022403257,0.7777777777777778
44,14,0.02240325865580448,0.7777777777777778
44,15,0.026476578411405296,0.7777777777777778
44,16,0.026476578411405296,0.8888888888888888
44,17,0.028513238289205704,0.8888888888888888
44,18,0.034623217922606926,0.8888888888888888
44,19,0.034623217922606926,0.8888888888888888
44,20,0.034623217922606926,0.8888888888888888
44,21,0.03665987780040733,0.8888888888888888
44,22,0.038696537678207736,0.8888888888888888
44,23,0.04480651731160896,0.8888888888888888
44,24,0.05295315682281059,0.8888888888888888
44,25,0.06517311608961303,0.8888888888888888
44,26,0.06924643584521385,0.8888888888888888
44,27,0.07331975560081466,0.8888888888888888
44,28,0.07942973523421588,0.8888888888888888
44,29,0.0855397148676171,0.8888888888888888
44,30,0.09775967413441955,0.8888888888888888
44,31,0.109979633401222,0.8888888888888888
44,32,0.12016293279022404,0.8888888888888888
44,33,0.14052953156822812,0.8888888888888888
44,34,0.15071283095723015,0.8888888888888888
44,35,0.15478615071283094,0.8888888888888888
44,36,0.1710794297352342,0.8888888888888888
44,37,0.19959266802443992,0.8888888888888888
44,38,0.21181262729124237,0.8888888888888888
44,39,0.23217922606924643,0.8888888888888888
44,40,0.2525458248472505,0.8888888888888888
44,41,0.2790224032586558,0.8888888888888888
44,42,0.3014256619144603,0.8888888888888888
44,43,0.3360488798370672,0.8888888888888888
44,44,0.3543788187372709,0.8888888888888888
44,45,0.39918533604887985,0.8888888888888888
44,46,0.4317718940936864,0.8888888888888888
44,47,0.4725050916496945,0.8888888888888888
44,48,0.5682281059063137,1.0
44,49,0.9918533604887984,1.0
45,0,0.0,0.0
45,1,0.004073319755600814,0.3333333333333333
45,2,0.004073319755600814,0.3333333333333333
45,3,0.006109979633401222,0.4444444444444444
45,4,0.008146639511201629,0.5555555555555556
45,5,0.012219959266802444,0.5555555555555556
45,6,0.012219959266802444,0.5555555555555556
45,7,0.012219959266802444,0.6666666666666666
45,8,0.012219959266802444,0.6666666666666666
45,9,0.014256619144602852,0.7777777777777778
45,10,0.014256619144602852,0.7777777777777778
45,11,0.016293279022403257,0.7777777777777778
45,12,0.016293279022403257,0.7777777777777778
45,13,0.016293279022403257,0.7777777777777778
45,14,0.02240325865580448,0.7777777777777778
45,15,0.026476578411405296,0.7777777777777778
45,16,0.026476578411405296,0.8888888888888888
45,17,0.028513238289205704,0.8888888888888888
45,18,0.034623217922606926,0.8888888888888888
45,19,0.034623217922606926,0.8888888888888888
45,20,0.034623217922606926,0.8888888888888888
45,21,0.03665987780040733,0.8888888888888888
45,22,0.038696537678207736,0.8888888888888888
45,23,0.04480651731160896,0.8888888888888888
45,24,0.05295315682281059,0.8888888888888888
45,25,0.06517311608961303,0.8888888888888888
45,26,0.06924643584521385,0.8888888888888888
45,27,0.07331975560081466,0.8888888888888888
45,28,0.07942973523421588,0.8888888888888888
45,29,0.0855397148676171,0.8888888888888888
45,30,0.09775967413441955,0.8888888888888888
45,31,0.109979633401222,0.8888888888888888
45,32,0.12016293279022404,0.8888888888888888
45,33,0.14052953156822812,0.8888888888888888
45,34,0.15071283095723015,0.8888888888888888
45,35,0.15478615071283094,0.8888888888888888
45,36,0.1710794297352342,0.8888888888888888
45,37,0.19959266802443992,0.8888888888888888
45,38,0.21181262729124237,0.8888888888888888
45,39,0.23217922606924643,0.8888888888888888
45,40,0.2525458248472505,0.8888888888888888
45,41,0.2790224032586558,0.8888888888888888
45,42,0.3014256619144603,0.8888888888888888
45,43,0.3360488798370672,0.8888888888888888
45,44,0.3543788187372709,0.8888888888888888
45,45,0.39918533604887985,0.8888888888888888
45,46,0.4317718940936864,0.8888888888888888
45,47,0.4725050916496945,0.8888888888888888
45,48,0.5682281059063137,1.0
45,49,0.9918533604887984,1.0
46,0,0.0,0.0
46,1,0.004073319755600814,0.3333333333333333
46,2,0.004073319755600814,0.3333333333333333
46,3,0.006109979633401222,0.4444444444444444
46,4,0.008146639511201629,0.5555555555555556
46,5,0.012219959266802444,0.5555555555555556
46,6,0.012219959266802444,0.5555555555555556
46,7,0.012219959266802444,0.6666666666666666
46,8,0.012219959266802444,0.6666666666666666
46,9,0.014256619144602852,0.7777777777777778
46,10,0.014256619144602852,0.7777777777777778
46,11,0.016293279022403257,0.7777777777777778
46,12,0.016293279022403257,0.7777777777777778
46,13,0.016293279022403257,0.7777777777777778
46,14,0.02240325865580448,0.7777777777777778
46,15,0.026476578411405296,0.7777777777777778
46,16,0.026476578411405296,0.8888888888888888
46,17,0.028513238289205704,0.8888888888888888
46,18,0.034623217922606926,0.8888888888888888
46,19,0.034623217922606926,0.8888888888888888
46,20,0.034623217922606926,0.8888888888888888
46,21,0.03665987780040733,0.8888888888888888
46,22,0.038696537678207736,0.8888888888888888
46,23,0.04480651731160896,0.8888888888888888
46,24,0.05295315682281059,0.8888888888888888
46,25,0.06517311608961303,0.8888888888888888
46,26,0.06924643584521385,0.8888888888888888
46,27,0.07331975560081466,0.8888888888888888
46,28,0.07942973523421588,0.8888888888888888
46,29,0.0855397148676171,0.8888888888888888
46,30,0.09775967413441955,0.8888888888888888
46,31,0.109979633401222,0.8888888888888888
46,32,0.12016293279022404,0.8888888888888888
46,33,0.14052953156822812,0.8888888888888888
46,34,0.15071283095723015,0.8888888888888888
46,35,0.15478615071283094,0.8888888888888888
46,36,0.1710794297352342,0.8888888888888888
46,37,0.19959266802443992,0.8888888888888888
46,38,0.21181262729124237,0.8888888888888888
46,39,0.23217922606924643,0.8888888888888888
46,40,0.2525458248472505,0.8888888888888888
46,41,0.2790224032586558,0.8888888888888888
46,42,0.3014256619144603,0.8888888888888888
46,43,0.3360488798370672,0.8888888888888888
46,44,0.3543788187372709,0.8888888888888888
46,45,0.39918533604887985,0.8888888888888888
46,46,0.4317718940936864,0.8888888888888888
46,47,0.4725050916496945,0.8888888888888888
46,48,0.5682281059063137,1.0
46,49,0.9918533604887984,1.0
47,0,0.0,0.0
47,1,0.004073319755600814,0.3333333333333333
47,2,0.004073319755600814,0.3333333333333333
47,3,0.006109979633401222,0.4444444444444444
47,4,0.008146639511201629,0.5555555555555556
47,5,0.012219959266802444,0.5555555555555556
47,6,0.012219959266802444,0.5555555555555556
47,7,0.012219959266802444,0.6666666666666666
47,8,0.012219959266802444,0.6666666666666666
47,9,0.014256619144602852,0.7777777777777778
47,10,0.014256619144602852,0.7777777777777778
47,11,0.016293279022403257,0.7777777777777778
47,12,0.016293279022403257,0.7777777777777778
47,13,0.016293279022403257,0.7777777777777778
47,14,0.02240325865580448,0.7777777777777778
47,15,0.026476578411405296,0.7777777777777778
47,16,0.026476578411405296,0.8888888888888888
47,17,0.028513238289205704,0.8888888888888888
47,18,0.034623217922606926,0.8888888888888888
47,19,0.034623217922606926,0.8888888888888888
47,20,0.034623217922606926,0.8888888888888888
47,21,0.03665987780040733,0.8888888888888888
47,22,0.038696537678207736,0.8888888888888888
47,23,0.04480651731160896,0.8888888888888888
47,24,0.05295315682281059,0.8888888888888888
47,25,0.06517311608961303,0.8888888888888888
47,26,0.06924643584521385,0.8888888888888888
47,27,0.07331975560081466,0.8888888888888888
47,28,0.07942973523421588,0.8888888888888888
47,29,0.0855397148676171,0.8888888888888888
47,30,0.09775967413441955,0.8888888888888888
47,31,0.109979633401222,0.8888888888888888
47,32,0.12016293279022404,0.8888888888888888
47,33,0.14052953156822812,0.8888888888888888
47,34,0.15071283095723015,0.8888888888888888
47,35,0.15478615071283094,0.8888888888888888
47,36,0.1710794297352342,0.8888888888888888
47,37,0.19959266802443992,0.8888888888888888
47,38,0.21181262729124237,0.8888888888888888
47,39,0.23217922606924643,0.8888888888888888
47,40,0.2525458248472505,0.8888888888888888
47,41,0.2790224032586558,0.8888888888888888
47,42,0.3014256619144603,0.8888888888888888
47,43,0.3360488798370672,0.8888888888888888
47,44,0.3543788187372709,0.8888888888888888
47,45,0.39918533604887985,0.8888888888888888
47,46,0.4317718940936864,0.8888888888888888
47,47,0.4725050916496945,0.8888888888888888
47,48,0.5682281059063137,1.0
47,49,0.9918533604887984,1.0
48,0,0.0,0.0
48,1,0.004073319755600814,0.3333333333333333
48,2,0.004073319755600814,0.3333333333333333
48,3,0.006109979633401222,0.4444444444444444
48,4,0.008146639511201629,0.5555555555555556
48,5,0.012219959266802444,0.5555555555555556
48,6,0.012219959266802444,0.5555555555555556
48,7,0.012219959266802444,0.6666666666666666
48,8,0.012219959266802444,0.6666666666666666
48,9,0.014256619144602852,0.7777777777777778
48,10,0.014256619144602852,0.7777777777777778
48,11,0.016293279022403257,0.7777777777777778
48,12,0.016293279022403257,0.7777777777777778
48,13,0.016293279022403257,0.7777777777777778
48,14,0.02240325865580448,0.7777777777777778
48,15,0.026476578411405296,0.7777777777777778
48,16,0.026476578411405296,0.8888888888888888
48,17,0.028513238289205704,0.8888888888888888
48,18,0.034623217922606926,0.8888888888888888
48,19,0.034623217922606926,0.8888888888888888
48,20,0.034623217922606926,0.8888888888888888
48,21,0.03665987780040733,0.8888888888888888
48,22,0.038696537678207736,0.8888888888888888
48,23,0.04480651731160896,0.8888888888888888
48,24,0.05295315682281059,0.8888888888888888
48,25,0.06517311608961303,0.8888888888888888
48,26,0.06924643584521385,0.8888888888888888
48,27,0.07331975560081466,0.8888888888888888
48,28,0.07942973523421588,0.8888888888888888
48,29,0.0855397148676171,0.8888888888888888
48,30,0.09775967413441955,0.8888888888888888
48,31,0.109979633401222,0.8888888888888888
48,32,0.12016293279022404,0.8888888888888888
48,33,0.14052953156822812,0.8888888888888888
48,34,0.15071283095723015,0.8888888888888888
48,35,0.15478615071283094,0.8888888888888888
48,36,0.1710794297352342,0.8888888888888888
48,37,0.19959266802443992,0.8888888888888888
48,38,0.21181262729124237,0.8888888888888888
48,39,0.23217922606924643,0.8888888888888888
48,40,0.2525458248472505,0.8888888888888888
48,41,0.2790224032586558,0.8888888888888888
48,42,0.3014256619144603,0.8888888888888888
48,43,0.3360488798370672,0.8888888888888888
48,44,0.3543788187372709,0.8888888888888888
48,45,0.39918533604887985,0.8888888888888888
48,46,0.4317718940936864,0.8888888888888888
48,47,0.4725050916496945,0.8888888888888888
48,48,0.5682281059063137,1.0
48,49,0.9918533604887984,1.0
49,0,0.0,0.0
49,1,0.004073319755600814,0.3333333333333333
49,2,0.004073319755600814,0.3333333333333333
49,3,0.006109979633401222,0.4444444444444444
49,4,0.008146639511201629,0.5555555555555556
49,5,0.012219959266802444,0.5555555555555556
49,6,0.012219959266802444,0.5555555555555556
49,7,0.012219959266802444,0.6666666666666666
49,8,0.012219959266802444,0.6666666666666666
49,9,0.014256619144602852,0.7777777777777778
49,10,0.014256619144602852,0.7777777777777778
49,11,0.016293279022403257,0.7777777777777778
49,12,0.016293279022403257,0.7777777777777778
49,13,0.016293279022403257,0.7777777777777778
49,14,0.02240325865580448,0.7777777777777778
49,15,0.026476578411405296,0.7777777777777778
49,16,0.026476578411405296,0.8888888888888888
49,17,0.028513238289205704,0.8888888888888888
49,18,0.034623217922606926,0.8888888888888888
49,19,0.034623217922606926,0.8888888888888888
49,20,0.034623217922606926,0.8888888888888888
49,21,0.03665987780040733,0.8888888888888888
49,22,0.038696537678207736,0.8888888888888888
49,23,0.04480651731160896,0.8888888888888888
49,24,0.05295315682281059,0.8888888888888888
49,25,0.06517311608961303,0.8888888888888888
49,26,0.06924643584521385,0.8888888888888888
49,27,0.07331975560081466,0.8888888888888888
49,28,0.07942973523421588,0.8888888888888888
49,29,0.0855397148676171,0.8888888888888888
49,30,0.09775967413441955,0.8888888888888888
49,31,0.109979633401222,0.8888888888888888
49,32,0.12016293279022404,0.8888888888888888
49,33,0.14052953156822812,0.8888888888888888
49,34,0.15071283095723015,0.8888888888888888
49,35,0.15478615071283094,0.8888888888888888
49,36,0.1710794297352342,0.8888888888888888
49,37,0.19959266802443992,0.8888888888888888
49,38,0.21181262729124237,0.8888888888888888
49,39,0.23217922606924643,0.8888888888888888
49,40,0.2525458248472505,0.8888888888888888
49,41,0.2790224032586558,0.8888888888888888
49,42,0.3014256619144603,0.8888888888888888
49,43,0.3360488798370672,0.8888888888888888
49,44,0.3543788187372709,0.8888888888888888
49,45,0.39918533604887985,0.8888888888888888
49,46,0.4317718940936864,0.8888888888888888
49,47,0.4725050916496945,0.8888888888888888
49,48,0.5682281059063137,1.0
49,49,0.9918533604887984,1.0
50,0,0.0,0.0
50,1,0.004073319755600814,0.3333333333333333
50,2,0.004073319755600814,0.3333333333333333
50,3,0.006109979633401222,0.4444444444444444
50,4,0.008146639511201629,0.5555555555555556
50,5,0.012219959266802444,0.5555555555555556
50,6,0.012219959266802444,0.5555555555555556
50,7,0.012219959266802444,0.6666666666666666
50,8,0.012219959266802444,0.6666666666666666
50,9,0.014256619144602852,0.7777777777777778
50,10,0.014256619144602852,0.7777777777777778
50,11,0.016293279022403257,0.7777777777777778
50,12,0.016293279022403257,0.7777777777777778
50,13,0.016293279022403257,0.7777777777777778
50,14,0.02240325865580448,0.7777777777777778
50,15,0.026476578411405296,0.7777777777777778
50,16,0.026476578411405296,0.8888888888888888
50,17,0.028513238289205704,0.8888888888888888
50,18,0.034623217922606926,0.8888888888888888
50,19,0.034623217922606926,0.8888888888888888
50,20,0.034623217922606926,0.8888888888888888
50,21,0.03665987780040733,0.8888888888888888
50,22,0.038696537678207736,0.8888888888888888
50,23,0.04480651731160896,0.8888888888888888
50,24,0.05295315682281059,0.8888888888888888
50,25,0.06517311608961303,0.8888888888888888
50,26,0.06924643584521385,0.8888888888888888
50,27,0.07331975560081466,0.8888888888888888
50,28,0.07942973523421588,0.8888888888888888
50,29,0.0855397148676171,0.8888888888888888
50,30,0.09775967413441955,0.8888888888888888
50,31,0.109979633401222,0.8888888888888888
50,32,0.12016293279022404,0.8888888888888888
50,33,0.14052953156822812,0.8888888888888888
50,34,0.15071283095723015,0.8888888888888888
50,35,0.15478615071283094,0.8888888888888888
50,36,0.1710794297352342,0.8888888888888888
50,37,0.19959266802443992,0.8888888888888888
50,38,0.21181262729124237,0.8888888888888888
50,39,0.23217922606924643,0.8888888888888888
50,40,0.2525458248472505,0.8888888888888888
50,41,0.2790224032586558,0.8888888888888888
50,42,0.3014256619144603,0.8888888888888888
50,43,0.3360488798370672,0.8888888888888888
50,44,0.3543788187372709,0.8888888888888888
50,45,0.39918533604887985,0.8888888888888888
50,46,0.4317718940936864,0.8888888888888888
50,47,0.4725050916496945,0.8888888888888888
50,48,0.5682281059063137,1.0
50,49,0.9918533604887984,1.0
51,0,0.0,0.0
51,1,0.004073319755600814,0.3333333333333333
51,2,0.004073319755600814,0.3333333333333333
51,3,0.006109979633401222,0.4444444444444444
51,4,0.008146639511201629,0.5555555555555556
51,5,0.012219959266802444,0.5555555555555556
51,6,0.012219959266802444,0.5555555555555556
51,7,0.012219959266802444,0.6666666666666666
51,8,0.012219959266802444,0.6666666666666666
51,9,0.014256619144602852,0.7777777777777778
51,10,0.014256619144602852,0.7777777777777778
51,11,0.016293279022403257,0.7777777777777778
51,12,0.016293279022403257,0.7777777777777778
51,13,0.016293279022403257,0.7777777777777778
51,14,0.02240325865580448,0.7777777777777778
51,15,0.026476578411405296,0.7777777777777778
51,16,0.026476578411405296,0.8888888888888888
51,17,0.028513238289205704,0.8888888888888888
51,18,0.034623217922606926,0.8888888888888888
51,19,0.034623217922606926,0.8888888888888888
51,20,0.034623217922606926,0.8888888888888888
51,21,0.03665987780040733,0.8888888888888888
51,22,0.038696537678207736,0.8888888888888888
51,23,0.04480651731160896,0.8888888888888888
51,24,0.05295315682281059,0.8888888888888888
51,25,0.06517311608961303,0.8888888888888888
51,26,0.06924643584521385,0.8888888888888888
51,27,0.07331975560081466,0.8888888888888888
51,28,0.07942973523421588,0.8888888888888888
51,29,0.0855397148676171,0.8888888888888888
51,30,0.09775967413441955,0.8888888888888888
51,31,0.109979633401222,0.8888888888888888
51,32,0.12016293279022404,0.8888888888888888
51,33,0.14052953156822812,0.8888888888888888
51,34,0.15071283095723015,0.8888888888888888
51,35,0.15478615071283094,0.8888888888888888
51,36,0.1710794297352342,0.8888888888888888
51,37,0.19959266802443992,0.8888888888888888
51,38,0.21181262729124237,0.8888888888888888
51,39,0.23217922606924643,0.8888888888888888
51,40,0.2525458248472505,0.8888888888888888
51,41,0.2790224032586558,0.8888888888888888
51,42,0.3014256619144603,0.8888888888888888
51,43,0.3360488798370672,0.8888888888888888
51,44,0.3543788187372709,0.8888888888888888
51,45,0.39918533604887985,0.8888888888888888
51,46,0.4317718940936864,0.8888888888888888
51,47,0.4725050916496945,0.8888888888888888
51,48,0.5682281059063137,1.0
51,49,0.9918533604887984,1.0
52,0,0.0,0.0
52,1,0.004073319755600814,0.3333333333333333
52,2,0.004073319755600814,0.3333333333333333
52,3,0.006109979633401222,0.4444444444444444
52,4,0.008146639511201629,0.5555555555555556
52,5,0.012219959266802444,0.5555555555555556
52,6,0.012219959266802444,0.5555555555555556
52,7,0.012219959266802444,0.6666666666666666
52,8,0.012219959266802444,0.6666666666666666
52,9,0.014256619144602852,0.7777777777777778
52,10,0.014256619144602852,0.7777777777777778
52,11,0.016293279022403257,0.7777777777777778
52,12,0.016293279022403257,0.7777777777777778
52,13,0.016293279022403257,0.7777777777777778
52,14,0.02240325865580448,0.7777777777777778
52,15,0.026476578411405296,0.7777777777777778
52,16,0.026476578411405296,0.8888888888888888
52,17,0.028513238289205704,0.8888888888888888
52,18,0.034623217922606926,0.8888888888888888
52,19,0.034623217922606926,0.8888888888888888
52,20,0.034623217922606926,0.8888888888888888
52,21,0.03665987780040733,0.8888888888888888
52,22,0.038696537678207736,0.8888888888888888
52,23,0.04480651731160896,0.8888888888888888
52,24,0.05295315682281059,0.8888888888888888
52,25,0.06517311608961303,0.8888888888888888
52,26,0.06924643584521385,0.8888888888888888
52,27,0.07331975560081466,0.8888888888888888
52,28,0.07942973523421588,0.8888888888888888
52,29,0.0855397148676171,0.8888888888888888
52,30,0.09775967413441955,0.8888888888888888
52,31,0.109979633401222,0.8888888888888888
52,32,0.12016293279022404,0.8888888888888888
52,33,0.14052953156822812,0.8888888888888888
52,34,0.15071283095723015,0.8888888888888888
52,35,0.15478615071283094,0.8888888888888888
52,36,0.1710794297352342,0.8888888888888888
52,37,0.19959266802443992,0.8888888888888888
52,38,0.21181262729124237,0.8888888888888888
52,39,0.23217922606924643,0.8888888888888888
52,40,0.2525458248472505,0.8888888888888888
52,41,0.2790224032586558,0.8888888888888888
52,42,0.3014256619144603,0.8888888888888888
52,43,0.3360488798370672,0.8888888888888888
52,44,0.3543788187372709,0.8888888888888888
52,45,0.39918533604887985,0.8888888888888888
52,46,0.4317718940936864,0.8888888888888888
52,47,0.4725050916496945,0.8888888888888888
52,48,0.5682281059063137,1.0
52,49,0.9918533604887984,1.0
53,0,0.0,0.0
53,1,0.004073319755600814,0.3333333333333333
53,2,0.004073319755600814,0.3333333333333333
53,3,0.006109979633401222,0.4444444444444444
53,4,0.008146639511201629,0.5555555555555556
53,5,0.012219959266802444,0.5555555555555556
53,6,0.012219959266802444,0.5555555555555556
53,7,0.012219959266802444,0.6666666666666666
53,8,0.012219959266802444,0.6666666666666666
53,9,0.014256619144602852,0.7777777777777778
53,10,0.014256619144602852,0.7777777777777778
53,11,0.016293279022403257,0.7777777777777778
53,12,0.016293279022403257,0.7777777777777778
53,13,0.016293279022403257,0.7777777777777778
53,14,0.02240325865580448,0.7777777777777778
53,15,0.026476578411405296,0.7777777777777778
53,16,0.026476578411405296,0.8888888888888888
53,17,0.028513238289205704,0.8888888888888888
53,18,0.034623217922606926,0.8888888888888888
53,19,0.034623217922606926,0.8888888888888888
53,20,0.034623217922606926,0.8888888888888888
53,21,0.03665987780040733,0.8888888888888888
53,22,0.038696537678207736,0.8888888888888888
53,23,0.04480651731160896,0.8888888888888888
53,24,0.05295315682281059,0.8888888888888888
53,25,0.06517311608961303,0.8888888888888888
53,26,0.06924643584521385,0.8888888888888888
53,27,0.07331975560081466,0.8888888888888888
53,28,0.07942973523421588,0.8888888888888888
53,29,0.0855397148676171,0.8888888888888888
53,30,0.09775967413441955,0.8888888888888888
53,31,0.109979633401222,0.8888888888888888
53,32,0.12016293279022404,0.8888888888888888
53,33,0.14052953156822812,0.8888888888888888
53,34,0.15071283095723015,0.8888888888888888
53,35,0.15478615071283094,0.8888888888888888
53,36,0.1710794297352342,0.8888888888888888
53,37,0.19959266802443992,0.8888888888888888
53,38,0.21181262729124237,0.8888888888888888
53,39,0.23217922606924643,0.8888888888888888
53,40,0.2525458248472505,0.8888888888888888
53,41,0.2790224032586558,0.8888888888888888
53,42,0.3014256619144603,0.8888888888888888
53,43,0.3360488798370672,0.8888888888888888
53,44,0.3543788187372709,0.8888888888888888
53,45,0.39918533604887985,0.8888888888888888
53,46,0.4317718940936864,0.8888888888888888
53,47,0.4725050916496945,0.8888888888888888
53,48,0.5682281059063137,1.0
53,49,0.9918533604887984,1.0
54,0,0.0,0.0
54,1,0.004073319755600814,0.3333333333333333
54,2,0.004073319755600814,0.3333333333333333
54,3,0.006109979633401222,0.4444444444444444
54,4,0.008146639511201629,0.5555555555555556
54,5,0.012219959266802444,0.5555555555555556
54,6,0.012219959266802444,0.5555555555555556
54,7,0.012219959266802444,0.6666666666666666
54,8,0.012219959266802444,0.6666666666666666
54,9,0.014256619144602852,0.7777777777777778
54,10,0.014256619144602852,0.7777777777777778
54,11,0.016293279022403257,0.7777777777777778
54,12,0.016293279022403257,0.7777777777777778
54,13,0.016293279022403257,0.7777777777777778
54,14,0.02240325865580448,0.7777777777777778
54,15,0.026476578411405296,0.7777777777777778
54,16,0.026476578411405296,0.8888888888888888
54,17,0.028513238289205704,0.8888888888888888
54,18,0.034623217922606926,0.8888888888888888
54,19,0.034623217922606926,0.8888888888888888
54,20,0.034623217922606926,0.8888888888888888
54,21,0.03665987780040733,0.8888888888888888
54,22,0.038696537678207736,0.8888888888888888
54,23,0.04480651731160896,0.8888888888888888
54,24,0.05295315682281059,0.8888888888888888
54,25,0.06517311608961303,0.8888888888888888
54,26,0.06924643584521385,0.8888888888888888
54,27,0.07331975560081466,0.8888888888888888
54,28,0.07942973523421588,0.8888888888888888
54,29,0.0855397148676171,0.8888888888888888
54,30,0.09775967413441955,0.8888888888888888
54,31,0.109979633401222,0.8888888888888888
54,32,0.12016293279022404,0.8888888888888888
54,33,0.14052953156822812,0.8888888888888888
54,34,0.15071283095723015,0.8888888888888888
54,35,0.15478615071283094,0.8888888888888888
54,36,0.1710794297352342,0.8888888888888888
54,37,0.19959266802443992,0.8888888888888888
54,38,0.21181262729124237,0.8888888888888888
54,39,0.23217922606924643,0.8888888888888888
54,40,0.2525458248472505,0.8888888888888888
54,41,0.2790224032586558,0.8888888888888888
54,42,0.3014256619144603,0.8888888888888888
54,43,0.3360488798370672,0.8888888888888888
54,44,0.3543788187372709,0.8888888888888888
54,45,0.39918533604887985,0.8888888888888888
54,46,0.4317718940936864,0.8888888888888888
54,47,0.4725050916496945,0.8888888888888888
54,48,0.5682281059063137,1.0
54,49,0.9918533604887984,1.0
55,0,0.0,0.0
55,1,0.004073319755600814,0.3333333333333333
55,2,0.004073319755600814,0.3333333333333333
55,3,0.006109979633401222,0.4444444444444444
55,4,0.008146639511201629,0.5555555555555556
55,5,0.012219959266802444,0.5555555555555556
55,6,0.012219959266802444,0.5555555555555556
55,7,0.012219959266802444,0.6666666666666666
55,8,0.012219959266802444,0.6666666666666666
55,9,0.014256619144602852,0.7777777777777778
55,10,0.014256619144602852,0.7777777777777778
55,11,0.016293279022403257,0.7777777777777778
55,12,0.016293279022403257,0.7777777777777778
55,13,0.016293279022403257,0.7777777777777778
55,14,0.02240325865580448,0.7777777777777778
55,15,0.026476578411405296,0.7777777777777778
55,16,0.026476578411405296,0.8888888888888888
55,17,0.028513238289205704,0.8888888888888888
55,18,0.034623217922606926,0.8888888888888888
55,19,0.034623217922606926,0.8888888888888888
55,20,0.034623217922606926,0.8888888888888888
55,21,0.03665987780040733,0.8888888888888888
55,22,0.038696537678207736,0.8888888888888888
55,23,0.04480651731160896,0.8888888888888888
55,24,0.05295315682281059,0.8888888888888888
55,25,0.06517311608961303,0.8888888888888888
55,26,0.06924643584521385,0.8888888888888888
55,27,0.07331975560081466,0.8888888888888888
55,28,0.07942973523421588,0.8888888888888888
55,29,0.0855397148676171,0.8888888888888888
55,30,0.09775967413441955,0.8888888888888888
55,31,0.109979633401222,0.8888888888888888
55,32,0.12016293279022404,0.8888888888888888
55,33,0.14052953156822812,0.8888888888888888
55,34,0.15071283095723015,0.8888888888888888
55,35,0.15478615071283094,0.8888888888888888
55,36,0.1710794297352342,0.8888888888888888
55,37,0.19959266802443992,0.8888888888888888
55,38,0.21181262729124237,0.8888888888888888
55,39,0.23217922606924643,0.8888888888888888
55,40,0.2525458248472505,0.8888888888888888
55,41,0.2790224032586558,0.8888888888888888
55,42,0.3014256619144603,0.8888888888888888
55,43,0.3360488798370672,0.8888888888888888
55,44,0.3543788187372709,0.8888888888888888
55,45,0.39918533604887985,0.8888888888888888
55,46,0.4317718940936864,0.8888888888888888
55,47,0.4725050916496945,0.8888888888888888
55,48,0.5682281059063137,1.0
55,49,0.9918533604887984,1.0
56,0,0.0,0.0
56,1,0.004073319755600814,0.3333333333333333
56,2,0.004073319755600814,0.3333333333333333
56,3,0.006109979633401222,0.4444444444444444
56,4,0.008146639511201629,0.5555555555555556
56,5,0.012219959266802444,0.5555555555555556
56,6,0.012219959266802444,0.5555555555555556
56,7,0.012219959266802444,0.6666666666666666
56,8,0.012219959266802444,0.6666666666666666
56,9,0.014256619144602852,0.7777777777777778
56,10,0.014256619144602852,0.7777777777777778
56,11,0.016293279022403257,0.7777777777777778
56,12,0.016293279022403257,0.7777777777777778
56,13,0.016293279022403257,0.7777777777777778
56,14,0.02240325865580448,0.7777777777777778
56,15,0.026476578411405296,0.7777777777777778
56,16,0.026476578411405296,0.8888888888888888
56,17,0.028513238289205704,0.8888888888888888
56,18,0.034623217922606926,0.8888888888888888
56,19,0.034623217922606926,0.8888888888888888
56,20,0.034623217922606926,0.8888888888888888
56,21,0.03665987780040733,0.8888888888888888
56,22,0.038696537678207736,0.8888888888888888
56,23,0.04480651731160896,0.8888888888888888
56,24,0.05295315682281059,0.8888888888888888
56,25,0.06517311608961303,0.8888888888888888
56,26,0.06924643584521385,0.8888888888888888
56,27,0.07331975560081466,0.8888888888888888
56,28,0.07942973523421588,0.8888888888888888
56,29,0.0855397148676171,0.8888888888888888
56,30,0.09775967413441955,0.8888888888888888
56,31,0.109979633401222,0.8888888888888888
56,32,0.12016293279022404,0.8888888888888888
56,33,0.14052953156822812,0.8888888888888888
56,34,0.15071283095723015,0.8888888888888888
56,35,0.15478615071283094,0.8888888888888888
56,36,0.1710794297352342,0.8888888888888888
56,37,0.19959266802443992,0.8888888888888888
56,38,0.21181262729124237,0.8888888888888888
56,39,0.23217922606924643,0.8888888888888888
56,40,0.2525458248472505,0.8888888888888888
56,41,0.2790224032586558,0.8888888888888888
56,42,0.3014256619144603,0.8888888888888888
56,43,0.3360488798370672,0.8888888888888888
56,44,0.3543788187372709,0.8888888888888888
56,45,0.39918533604887985,0.8888888888888888
56,46,0.4317718940936864,0.8888888888888888
56,47,0.4725050916496945,0.8888888888888888
56,48,0.5682281059063137,1.0
56,49,0.9918533604887984,1.0
57,0,0.0,0.0
57,1,0.004073319755600814,0.3333333333333333
57,2,0.004073319755600814,0.3333333333333333
57,3,0.006109979633401222,0.4444444444444444
57,4,0.008146639511201629,0.5555555555555556
57,5,0.012219959266802444,0.5555555555555556
57,6,0.012219959266802444,0.5555555555555556
57,7,0.012219959266802444,0.6666666666666666
57,8,0.012219959266802444,0.6666666666666666
57,9,0.014256619144602852,0.7777777777777778
57,10,0.014256619144602852,0.7777777777777778
57,11,0.016293279022403257,0.7777777777777778
57,12,0.016293279022403257,0.7777777777777778
57,13,0.016293279022403257,0.7777777777777778
57,14,0.02240325865580448,0.7777777777777778
57,15,0.026476578411405296,0.7777777777777778
57,16,0.026476578411405296,0.8888888888888888
57,17,0.028513238289205704,0.8888888888888888
57,18,0.034623217922606926,0.8888888888888888
57,19,0.034623217922606926,0.8888888888888888
57,20,0.034623217922606926,0.8888888888888888
57,21,0.03665987780040733,0.8888888888888888
57,22,0.038696537678207736,0.8888888888888888
57,23,0.04480651731160896,0.8888888888888888
57,24,0.05295315682281059,0.8888888888888888
57,25,0.06517311608961303,0.8888888888888888
57,26,0.06924643584521385,0.8888888888888888
57,27,0.07331975560081466,0.8888888888888888
57,28,0.07942973523421588,0.8888888888888888
57,29,0.0855397148676171,0.8888888888888888
57,30,0.09775967413441955,0.8888888888888888
57,31,0.109979633401222,0.8888888888888888
57,32,0.12016293279022404,0.8888888888888888
57,33,0.14052953156822812,0.8888888888888888
57,34,0.15071283095723015,0.8888888888888888
57,35,0.15478615071283094,0.8888888888888888
57,36,0.1710794297352342,0.8888888888888888
57,37,0.19959266802443992,0.8888888888888888
57,38,0.21181262729124237,0.8888888888888888
57,39,0.23217922606924643,0.8888888888888888
57,40,0.2525458248472505,0.8888888888888888
57,41,0.2790224032586558,0.8888888888888888
57,42,0.3014256619144603,0.8888888888888888
57,43,0.3360488798370672,0.8888888888888888
57,44,0.3543788187372709,0.8888888888888888
57,45,0.39918533604887985,0.8888888888888888
57,46,0.4317718940936864,0.8888888888888888
57,47,0.4725050916496945,0.8888888888888888
57,48,0.5682281059063137,1.0
57,49,0.9918533604887984,1.0
58,0,0.0,0.0
58,1,0.004073319755600814,0.3333333333333333
58,2,0.004073319755600814,0.3333333333333333
58,3,0.006109979633401222,0.4444444444444444
58,4,0.008146639511201629,0.5555555555555556
58,5,0.012219959266802444,0.5555555555555556
58,6,0.012219959266802444,0.5555555555555556
58,7,0.012219959266802444,0.6666666666666666
58,8,0.012219959266802444,0.6666666666666666
58,9,0.014256619144602852,0.7777777777777778
58,10,0.014256619144602852,0.7777777777777778
58,11,0.016293279022403257,0.7777777777777778
58,12,0.016293279022403257,0.7777777777777778
58,13,0.016293279022403257,0.7777777777777778
58,14,0.02240325865580448,0.7777777777777778
58,15,0.026476578411405296,0.7777777777777778
58,16,0.026476578411405296,0.8888888888888888
58,17,0.028513238289205704,0.8888888888888888
58,18,0.034623217922606926,0.8888888888888888
58,19,0.034623217922606926,0.8888888888888888
58,20,0.034623217922606926,0.8888888888888888
58,21,0.03665987780040733,0.8888888888888888
58,22,0.038696537678207736,0.8888888888888888
58,23,0.04480651731160896,0.8888888888888888
58,24,0.05295315682281059,0.8888888888888888
58,25,0.06517311608961303,0.8888888888888888
58,26,0.06924643584521385,0.8888888888888888
58,27,0.07331975560081466,0.8888888888888888
58,28,0.07942973523421588,0.8888888888888888
58,29,0.0855397148676171,0.8888888888888888
58,30,0.09775967413441955,0.8888888888888888
58,31,0.109979633401222,0.8888888888888888
58,32,0.12016293279022404,0.8888888888888888
58,33,0.14052953156822812,0.8888888888888888
58,34,0.15071283095723015,0.8888888888888888
58,35,0.15478615071283094,0.8888888888888888
58,36,0.1710794297352342,0.8888888888888888
58,37,0.19959266802443992,0.8888888888888888
58,38,0.21181262729124237,0.8888888888888888
58,39,0.23217922606924643,0.8888888888888888
58,40,0.2525458248472505,0.8888888888888888
58,41,0.2790224032586558,0.8888888888888888
58,42,0.3014256619144603,0.8888888888888888
58,43,0.3360488798370672,0.8888888888888888
58,44,0.3543788187372709,0.8888888888888888
58,45,0.39918533604887985,0.8888888888888888
58,46,0.4317718940936864,0.8888888888888888
58,47,0.4725050916496945,0.8888888888888888
58,48,0.5682281059063137,1.0
58,49,0.9918533604887984,1.0
59,0,0.0,0.0
59,1,0.004073319755600814,0.3333333333333333
59,2,0.004073319755600814,0.3333333333333333
59,3,0.006109979633401222,0.4444444444444444
59,4,0.008146639511201629,0.5555555555555556
59,5,0.012219959266802444,0.5555555555555556
59,6,0.012219959266802444,0.5555555555555556
59,7,0.012219959266802444,0.6666666666666666
59,8,0.012219959266802444,0.6666666666666666
59,9,0.014256619144602852,0.7777777777777778
59,10,0.014256619144602852,0.7777777777777778
59,11,0.016293279022403257,0.7777777777777778
59,12,0.016293279022403257,0.7777777777777778
59,13,0.016293279022403257,0.7777777777777778
59,14,0.02240325865580448,0.7777777777777778
59,15,0.026476578411405296,0.7777777777777778
59,16,0.026476578411405296,0.8888888888888888
59,17,0.028513238289205704,0.8888888888888888
59,18,0.034623217922606926,0.8888888888888888
59,19,0.034623217922606926,0.8888888888888888
59,20,0.034623217922606926,0.8888888888888888
59,21,0.03665987780040733,0.8888888888888888
59,22,0.038696537678207736,0.8888888888888888
59,23,0.04480651731160896,0.8888888888888888
59,24,0.05295315682281059,0.8888888888888888
59,25,0.06517311608961303,0.8888888888888888
59,26,0.06924643584521385,0.8888888888888888
59,27,0.07331975560081466,0.8888888888888888
59,28,0.07942973523421588,0.8888888888888888
59,29,0.0855397148676171,0.8888888888888888
59,30,0.09775967413441955,0.8888888888888888
59,31,0.109979633401222,0.8888888888888888
59,32,0.12016293279022404,0.8888888888888888
59,33,0.14052953156822812,0.8888888888888888
59,34,0.15071283095723015,0.8888888888888888
59,35,0.15478615071283094,0.8888888888888888
59,36,0.1710794297352342,0.8888888888888888
59,37,0.19959266802443992,0.8888888888888888
59,38,0.21181262729124237,0.8888888888888888
59,39,0.23217922606924643,0.8888888888888888
59,40,0.2525458248472505,0.8888888888888888
59,41,0.2790224032586558,0.8888888888888888
59,42,0.3014256619144603,0.8888888888888888
59,43,0.3360488798370672,0.8888888888888888
59,44,0.3543788187372709,0.8888888888888888
59,45,0.39918533604887985,0.8888888888888888
59,46,0.4317718940936864,0.8888888888888888
59,47,0.4725050916496945,0.8888888888888888
59,48,0.5682281059063137,1.0
59,49,0.9918533604887984,1.0
60,0,0.0,0.0
60,1,0.004073319755600814,0.3333333333333333
60,2,0.004073319755600814,0.3333333333333333
60,3,0.006109979633401222,0.4444444444444444
60,4,0.008146639511201629,0.5555555555555556
60,5,0.012219959266802444,0.5555555555555556
60,6,0.012219959266802444,0.5555555555555556
60,7,0.012219959266802444,0.6666666666666666
60,8,0.012219959266802444,0.6666666666666666
60,9,0.014256619144602852,0.7777777777777778
60,10,0.014256619144602852,0.7777777777777778
60,11,0.016293279022403257,0.7777777777777778
60,12,0.016293279022403257,0.7777777777777778
60,13,0.016293279022403257,0.7777777777777778
60,14,0.02240325865580448,0.7777777777777778
60,15,0.026476578411405296,0.7777777777777778
60,16,0.026476578411405296,0.8888888888888888
60,17,0.028513238289205704,0.8888888888888888
60,18,0.034623217922606926,0.8888888888888888
60,19,0.034623217922606926,0.8888888888888888
60,20,0.034623217922606926,0.8888888888888888
60,21,0.03665987780040733,0.8888888888888888
60,22,0.038696537678207736,0.8888888888888888
60,23,0.04480651731160896,0.8888888888888888
60,24,0.05295315682281059,0.8888888888888888
60,25,0.06517311608961303,0.8888888888888888
60,26,0.06924643584521385,0.8888888888888888
60,27,0.07331975560081466,0.8888888888888888
60,28,0.07942973523421588,0.8888888888888888
60,29,0.0855397148676171,0.8888888888888888
60,30,0.09775967413441955,0.8888888888888888
60,31,0.109979633401222,0.8888888888888888
60,32,0.12016293279022404,0.8888888888888888
60,33,0.14052953156822812,0.8888888888888888
60,34,0.15071283095723015,0.8888888888888888
60,35,0.15478615071283094,0.8888888888888888
60,36,0.1710794297352342,0.8888888888888888
60,37,0.19959266802443992,0.8888888888888888
60,38,0.21181262729124237,0.8888888888888888
60,39,0.23217922606924643,0.8888888888888888
60,40,0.2525458248472505,0.8888888888888888
60,41,0.2790224032586558,0.8888888888888888
60,42,0.3014256619144603,0.8888888888888888
60,43,0.3360488798370672,0.8888888888888888
60,44,0.3543788187372709,0.8888888888888888
60,45,0.39918533604887985,0.8888888888888888
60,46,0.4317718940936864,0.8888888888888888
60,47,0.4725050916496945,0.8888888888888888
60,48,0.5682281059063137,1.0
60,49,0.9918533604887984,1.0
61,0,0.0,0.0
61,1,0.004073319755600814,0.3333333333333333
61,2,0.004073319755600814,0.3333333333333333
61,3,0.006109979633401222,0.4444444444444444
61,4,0.008146639511201629,0.5555555555555556
61,5,0.012219959266802444,0.5555555555555556
61,6,0.012219959266802444,0.5555555555555556
61,7,0.012219959266802444,0.6666666666666666
61,8,0.012219959266802444,0.6666666666666666
61,9,0.014256619144602852,0.7777777777777778
61,10,0.014256619144602852,0.7777777777777778
61,11,0.016293279022403257,0.7777777777777778
61,12,0.016293279022403257,0.7777777777777778
61,13,0.016293279022403257,0.7777777777777778
61,14,0.02240325865580448,0.7777777777777778
61,15,0.026476578411405296,0.7777777777777778
61,16,0.026476578411405296,0.8888888888888888
61,17,0.028513238289205704,0.8888888888888888
61,18,0.034623217922606926,0.8888888888888888
61,19,0.034623217922606926,0.8888888888888888
61,20,0.034623217922606926,0.8888888888888888
61,21,0.03665987780040733,0.8888888888888888
61,22,0.038696537678207736,0.8888888888888888
61,23,0.04480651731160896,0.8888888888888888
61,24,0.05295315682281059,0.8888888888888888
61,25,0.06517311608961303,0.8888888888888888
61,26,0.06924643584521385,0.8888888888888888
61,27,0.07331975560081466,0.8888888888888888
61,28,0.07942973523421588,0.8888888888888888
61,29,0.0855397148676171,0.8888888888888888
61,30,0.09775967413441955,0.8888888888888888
61,31,0.109979633401222,0.8888888888888888
61,32,0.12016293279022404,0.8888888888888888
61,33,0.14052953156822812,0.8888888888888888
61,34,0.15071283095723015,0.8888888888888888
61,35,0.15478615071283094,0.8888888888888888
61,36,0.1710794297352342,0.8888888888888888
61,37,0.19959266802443992,0.8888888888888888
61,38,0.21181262729124237,0.8888888888888888
61,39,0.23217922606924643,0.8888888888888888
61,40,0.2525458248472505,0.8888888888888888
61,41,0.2790224032586558,0.8888888888888888
61,42,0.3014256619144603,0.8888888888888888
61,43,0.3360488798370672,0.8888888888888888
61,44,0.3543788187372709,0.8888888888888888
61,45,0.39918533604887985,0.8888888888888888
61,46,0.4317718940936864,0.8888888888888888
61,47,0.4725050916496945,0.8888888888888888
61,48,0.5682281059063137,1.0
61,49,0.9918533604887984,1.0
62,0,0.0,0.0
62,1,0.004073319755600814,0.3333333333333333
62,2,0.004073319755600814,0.3333333333333333
62,3,0.006109979633401222,0.4444444444444444
62,4,0.008146639511201629,0.5555555555555556
62,5,0.012219959266802444,0.5555555555555556
62,6,0.012219959266802444,0.5555555555555556
62,7,0.012219959266802444,0.6666666666666666
62,8,0.012219959266802444,0.6666666666666666
62,9,0.014256619144602852,0.7777777777777778
62,10,0.014256619144602852,0.7777777777777778
62,11,0.016293279022403257,0.7777777777777778
62,12,0.016293279022403257,0.7777777777777778
62,13,0.016293279022403257,0.7777777777777778
62,14,0.02240325865580448,0.7777777777777778
62,15,0.026476578411405296,0.7777777777777778
62,16,0.026476578411405296,0.8888888888888888
62,17,0.028513238289205704,0.8888888888888888
62,18,0.034623217922606926,0.8888888888888888
62,19,0.034623217922606926,0.8888888888888888
62,20,0.034623217922606926,0.8888888888888888
62,21,0.03665987780040733,0.8888888888888888
62,22,0.038696537678207736,0.8888888888888888
62,23,0.04480651731160896,0.8888888888888888
62,24,0.05295315682281059,0.8888888888888888
62,25,0.06517311608961303,0.8888888888888888
62,26,0.06924643584521385,0.8888888888888888
62,27,0.07331975560081466,0.8888888888888888
62,28,0.07942973523421588,0.8888888888888888
62,29,0.0855397148676171,0.8888888888888888
62,30,0.09775967413441955,0.8888888888888888
62,31,0.109979633401222,0.8888888888888888
62,32,0.12016293279022404,0.8888888888888888
62,33,0.14052953156822812,0.8888888888888888
62,34,0.15071283095723015,0.8888888888888888
62,35,0.15478615071283094,0.8888888888888888
62,36,0.1710794297352342,0.8888888888888888
62,37,0.19959266802443992,0.8888888888888888
62,38,0.21181262729124237,0.8888888888888888
62,39,0.23217922606924643,0.8888888888888888
62,40,0.2525458248472505,0.8888888888888888
62,41,0.2790224032586558,0.8888888888888888
62,42,0.3014256619144603,0.8888888888888888
62,43,0.3360488798370672,0.8888888888888888
62,44,0.3543788187372709,0.8888888888888888
62,45,0.39918533604887985,0.8888888888888888
62,46,0.4317718940936864,0.8888888888888888
62,47,0.4725050916496945,0.8888888888888888
62,48,0.5682281059063137,1.0
62,49,0.9918533604887984,1.0
63,0,0.0,0.0
63,1,0.004073319755600814,0.3333333333333333
63,2,0.004073319755600814,0.3333333333333333
63,3,0.006109979633401222,0.4444444444444444
63,4,0.008146639511201629,0.5555555555555556
63,5,0.012219959266802444,0.5555555555555556
63,6,0.012219959266802444,0.5555555555555556
63,7,0.012219959266802444,0.6666666666666666
63,8,0.012219959266802444,0.6666666666666666
63,9,0.014256619144602852,0.7777777777777778
63,10,0.014256619144602852,0.7777777777777778
63,11,0.016293279022403257,0.7777777777777778
63,12,0.016293279022403257,0.7777777777777778
63,13,0.016293279022403257,0.7777777777777778
63,14,0.02240325865580448,0.7777777777777778
63,15,0.026476578411405296,0.7777777777777778
63,16,0.026476578411405296,0.8888888888888888
63,17,0.028513238289205704,0.8888888888888888
63,18,0.034623217922606926,0.8888888888888888
63,19,0.034623217922606926,0.8888888888888888
63,20,0.034623217922606926,0.8888888888888888
63,21,0.03665987780040733,0.8888888888888888
63,22,0.038696537678207736,0.8888888888888888
63,23,0.04480651731160896,0.8888888888888888
63,24,0.05295315682281059,0.8888888888888888
63,25,0.06517311608961303,0.8888888888888888
63,26,0.06924643584521385,0.8888888888888888
63,27,0.07331975560081466,0.8888888888888888
63,28,0.07942973523421588,0.8888888888888888
63,29,0.0855397148676171,0.8888888888888888
63,30,0.09775967413441955,0.8888888888888888
63,31,0.109979633401222,0.8888888888888888
63,32,0.12016293279022404,0.8888888888888888
63,33,0.14052953156822812,0.8888888888888888
63,34,0.15071283095723015,0.8888888888888888
63,35,0.15478615071283094,0.8888888888888888
63,36,0.1710794297352342,0.8888888888888888
63,37,0.19959266802443992,0.8888888888888888
63,38,0.21181262729124237,0.8888888888888888
63,39,0.23217922606924643,0.8888888888888888
63,40,0.2525458248472505,0.8888888888888888
63,41,0.2790224032586558,0.8888888888888888
63,42,0.3014256619144603,0.8888888888888888
63,43,0.3360488798370672,0.8888888888888888
63,44,0.3543788187372709,0.8888888888888888
63,45,0.39918533604887985,0.8888888888888888
63,46,0.4317718940936864,0.8888888888888888
63,47,0.4725050916496945,0.8888888888888888
63,48,0.5682281059063137,1.0
63,49,0.9918533604887984,1.0
64,0,0.0,0.0
64,1,0.004073319755600814,0.3333333333333333
64,2,0.004073319755600814,0.3333333333333333
64,3,0.006109979633401222,0.4444444444444444
64,4,0.008146639511201629,0.5555555555555556
64,5,0.012219959266802444,0.5555555555555556
64,6,0.012219959266802444,0.5555555555555556
64,7,0.012219959266802444,0.6666666666666666
64,8,0.012219959266802444,0.6666666666666666
64,9,0.014256619144602852,0.7777777777777778
64,10,0.014256619144602852,0.7777777777777778
64,11,0.016293279022403257,0.7777777777777778
64,12,0.016293279022403257,0.7777777777777778
64,13,0.016293279022403257,0.7777777777777778
64,14,0.02240325865580448,0.7777777777777778
64,15,0.026476578411405296,0.7777777777777778
64,16,0.026476578411405296,0.8888888888888888
64,17,0.028513238289205704,0.8888888888888888
64,18,0.034623217922606926,0.8888888888888888
64,19,0.034623217922606926,0.8888888888888888
64,20,0.034623217922606926,0.8888888888888888
64,21,0.03665987780040733,0.8888888888888888
64,22,0.038696537678207736,0.8888888888888888
64,23,0.04480651731160896,0.8888888888888888
64,24,0.05295315682281059,0.8888888888888888
64,25,0.06517311608961303,0.8888888888888888
64,26,0.06924643584521385,0.8888888888888888
64,27,0.07331975560081466,0.8888888888888888
64,28,0.07942973523421588,0.8888888888888888
64,29,0.0855397148676171,0.8888888888888888
64,30,0.09775967413441955,0.8888888888888888
64,31,0.109979633401222,0.8888888888888888
64,32,0.12016293279022404,0.8888888888888888
64,33,0.14052953156822812,0.8888888888888888
64,34,0.15071283095723015,0.8888888888888888
64,35,0.15478615071283094,0.8888888888888888
64,36,0.1710794297352342,0.8888888888888888
64,37,0.19959266802443992,0.8888888888888888
64,38,0.21181262729124237,0.8888888888888888
64,39,0.23217922606924643,0.8888888888888888
64,40,0.2525458248472505,0.8888888888888888
64,41,0.2790224032586558,0.8888888888888888
64,42,0.3014256619144603,0.8888888888888888
64,43,0.3360488798370672,0.8888888888888888
64,44,0.3543788187372709,0.8888888888888888
64,45,0.39918533604887985,0.8888888888888888
64,46,0.4317718940936864,0.8888888888888888
64,47,0.4725050916496945,0.8888888888888888
64,48,0.5682281059063137,1.0
64,49,0.9918533604887984,1.0
65,0,0.0,0.0
65,1,0.004073319755600814,0.3333333333333333
65,2,0.004073319755600814,0.3333333333333333
65,3,0.006109979633401222,0.4444444444444444
65,4,0.008146639511201629,0.5555555555555556
65,5,0.012219959266802444,0.5555555555555556
65,6,0.012219959266802444,0.5555555555555556
65,7,0.012219959266802444,0.6666666666666666
65,8,0.012219959266802444,0.6666666666666666
65,9,0.014256619144602852,0.7777777777777778
65,10,0.014256619144602852,0.7777777777777778
65,11,0.016293279022403257,0.7777777777777778
65,12,0.016293279022403257,0.7777777777777778
65,13,0.016293279022403257,0.7777777777777778
65,14,0.02240325865580448,0.7777777777777778
65,15,0.026476578411405296,0.7777777777777778
65,16,0.026476578411405296,0.8888888888888888
65,17,0.028513238289205704,0.8888888888888888
65,18,0.034623217922606926,0.8888888888888888
65,19,0.034623217922606926,0.8888888888888888
65,20,0.034623217922606926,0.8888888888888888
65,21,0.03665987780040733,0.8888888888888888
65,22,0.038696537678207736,0.8888888888888888
65,23,0.04480651731160896,0.8888888888888888
65,24,0.05295315682281059,0.8888888888888888
65,25,0.06517311608961303,0.8888888888888888
65,26,0.06924643584521385,0.8888888888888888
65,27,0.07331975560081466,0.8888888888888888
65,28,0.07942973523421588,0.8888888888888888
65,29,0.0855397148676171,0.8888888888888888
65,30,0.09775967413441955,0.8888888888888888
65,31,0.109979633401222,0.8888888888888888
65,32,0.12016293279022404,0.8888888888888888
65,33,0.14052953156822812,0.8888888888888888
65,34,0.15071283095723015,0.8888888888888888
65,35,0.15478615071283094,0.8888888888888888
65,36,0.1710794297352342,0.8888888888888888
65,37,0.19959266802443992,0.8888888888888888
65,38,0.21181262729124237,0.8888888888888888
65,39,0.23217922606924643,0.8888888888888888
65,40,0.2525458248472505,0.8888888888888888
65,41,0.2790224032586558,0.8888888888888888
65,42,0.3014256619144603,0.8888888888888888
65,43,0.3360488798370672,0.8888888888888888
65,44,0.3543788187372709,0.8888888888888888
65,45,0.39918533604887985,0.8888888888888888
65,46,0.4317718940936864,0.8888888888888888
65,47,0.4725050916496945,0.8888888888888888
65,48,0.5682281059063137,1.0
65,49,0.9918533604887984,1.0
66,0,0.0,0.0
66,1,0.004073319755600814,0.3333333333333333
66,2,0.004073319755600814,0.3333333333333333
66,3,0.006109979633401222,0.4444444444444444
66,4,0.008146639511201629,0.5555555555555556
66,5,0.012219959266802444,0.5555555555555556
66,6,0.012219959266802444,0.5555555555555556
66,7,0.012219959266802444,0.6666666666666666
66,8,0.012219959266802444,0.6666666666666666
66,9,0.014256619144602852,0.7777777777777778
66,10,0.014256619144602852,0.7777777777777778
66,11,0.016293279022403257,0.7777777777777778
66,12,0.016293279022403257,0.7777777777777778
66,13,0.016293279022403257,0.7777777777777778
66,14,0.02240325865580448,0.7777777777777778
66,15,0.026476578411405296,0.7777777777777778
66,16,0.026476578411405296,0.8888888888888888
66,17,0.028513238289205704,0.8888888888888888
66,18,0.034623217922606926,0.8888888888888888
66,19,0.034623217922606926,0.8888888888888888
66,20,0.034623217922606926,0.8888888888888888
66,21,0.03665987780040733,0.8888888888888888
66,22,0.038696537678207736,0.8888888888888888
66,23,0.04480651731160896,0.8888888888888888
66,24,0.05295315682281059,0.8888888888888888
66,25,0.06517311608961303,0.8888888888888888
66,26,0.06924643584521385,0.8888888888888888
66,27,0.07331975560081466,0.8888888888888888
66,28,0.07942973523421588,0.8888888888888888
66,29,0.0855397148676171,0.8888888888888888
66,30,0.09775967413441955,0.8888888888888888
66,31,0.109979633401222,0.8888888888888888
66,32,0.12016293279022404,0.8888888888888888
66,33,0.14052953156822812,0.8888888888888888
66,34,0.15071283095723015,0.8888888888888888
66,35,0.15478615071283094,0.8888888888888888
66,36,0.1710794297352342,0.8888888888888888
66,37,0.19959266802443992,0.8888888888888888
66,38,0.21181262729124237,0.8888888888888888
66,39,0.23217922606924643,0.8888888888888888
66,40,0.2525458248472505,0.8888888888888888
66,41,0.2790224032586558,0.8888888888888888
66,42,0.3014256619144603,0.8888888888888888
66,43,0.3360488798370672,0.8888888888888888
66,44,0.3543788187372709,0.8888888888888888
66,45,0.39918533604887985,0.8888888888888888
66,46,0.4317718940936864,0.8888888888888888
66,47,0.4725050916496945,0.8888888888888888
66,48,0.5682281059063137,1.0
66,49,0.9918533604887984,1.0
67,0,0.0,0.0
67,1,0.004073319755600814,0.3333333333333333
67,2,0.004073319755600814,0.3333333333333333
67,3,0.006109979633401222,0.4444444444444444
67,4,0.008146639511201629,0.5555555555555556
67,5,0.012219959266802444,0.5555555555555556
67,6,0.012219959266802444,0.5555555555555556
67,7,0.012219959266802444,0.6666666666666666
67,8,0.012219959266802444,0.6666666666666666
67,9,0.014256619144602852,0.7777777777777778
67,10,0.014256619144602852,0.7777777777777778
67,11,0.016293279022403257,0.7777777777777778
67,12,0.016293279022403257,0.7777777777777778
67,13,0.016293279022403257,0.7777777777777778
67,14,0.02240325865580448,0.7777777777777778
67,15,0.026476578411405296,0.7777777777777778
67,16,0.026476578411405296,0.8888888888888888
67,17,0.028513238289205704,0.8888888888888888
67,18,0.034623217922606926,0.8888888888888888
67,19,0.034623217922606926,0.8888888888888888
67,20,0.034623217922606926,0.8888888888888888
67,21,0.03665987780040733,0.8888888888888888
67,22,0.038696537678207736,0.8888888888888888
67,23,0.04480651731160896,0.8888888888888888
67,24,0.05295315682281059,0.8888888888888888
67,25,0.06517311608961303,0.8888888888888888
67,26,0.06924643584521385,0.8888888888888888
67,27,0.07331975560081466,0.8888888888888888
67,28,0.07942973523421588,0.8888888888888888
67,29,0.0855397148676171,0.8888888888888888
67,30,0.09775967413441955,0.8888888888888888
67,31,0.109979633401222,0.8888888888888888
67,32,0.12016293279022404,0.8888888888888888
67,33,0.14052953156822812,0.8888888888888888
67,34,0.15071283095723015,0.8888888888888888
67,35,0.15478615071283094,0.8888888888888888
67,36,0.1710794297352342,0.8888888888888888
67,37,0.19959266802443992,0.8888888888888888
67,38,0.21181262729124237,0.8888888888888888
67,39,0.23217922606924643,0.8888888888888888
67,40,0.2525458248472505,0.8888888888888888
67,41,0.2790224032586558,0.8888888888888888
67,42,0.3014256619144603,0.8888888888888888
67,43,0.3360488798370672,0.8888888888888888
67,44,0.3543788187372709,0.8888888888888888
67,45,0.39918533604887985,0.8888888888888888
67,46,0.4317718940936864,0.8888888888888888
67,47,0.4725050916496945,0.8888888888888888
67,48,0.5682281059063137,1.0
67,49,0.9918533604887984,1.0
68,0,0.0,0.0
68,1,0.004073319755600814,0.3333333333333333
68,2,0.004073319755600814,0.3333333333333333
68,3,0.006109979633401222,0.4444444444444444
68,4,0.008146639511201629,0.5555555555555556
68,5,0.012219959266802444,0.5555555555555556
68,6,0.012219959266802444,0.5555555555555556
68,7,0.012219959266802444,0.6666666666666666
68,8,0.012219959266802444,0.6666666666666666
68,9,0.014256619144602852,0.7777777777777778
68,10,0.014256619144602852,0.7777777777777778
68,11,0.016293279022403257,0.7777777777777778
68,12,0.016293279022403257,0.7777777777777778
68,13,0.016293279022403257,0.7777777777777778
68,14,0.02240325865580448,0.7777777777777778
68,15,0.026476578411405296,0.7777777777777778
68,16,0.026476578411405296,0.8888888888888888
68,17,0.028513238289205704,0.8888888888888888
68,18,0.034623217922606926,0.8888888888888888
68,19,0.034623217922606926,0.8888888888888888
68,20,0.034623217922606926,0.8888888888888888
68,21,0.03665987780040733,0.8888888888888888
68,22,0.038696537678207736,0.8888888888888888
68,23,0.04480651731160896,0.8888888888888888
68,24,0.05295315682281059,0.8888888888888888
68,25,0.06517311608961303,0.8888888888888888
68,26,0.06924643584521385,0.8888888888888888
68,27,0.07331975560081466,0.8888888888888888
68,28,0.07942973523421588,0.8888888888888888
68,29,0.0855397148676171,0.8888888888888888
68,30,0.09775967413441955,0.8888888888888888
68,31,0.109979633401222,0.8888888888888888
68,32,0.12016293279022404,0.8888888888888888
68,33,0.14052953156822812,0.8888888888888888
68,34,0.15071283095723015,0.8888888888888888
68,35,0.15478615071283094,0.8888888888888888
68,36,0.1710794297352342,0.8888888888888888
68,37,0.19959266802443992,0.8888888888888888
68,38,0.21181262729124237,0.8888888888888888
68,39,0.23217922606924643,0.8888888888888888
68,40,0.2525458248472505,0.8888888888888888
68,41,0.2790224032586558,0.8888888888888888
68,42,0.3014256619144603,0.8888888888888888
68,43,0.3360488798370672,0.8888888888888888
68,44,0.3543788187372709,0.8888888888888888
68,45,0.39918533604887985,0.8888888888888888
68,46,0.4317718940936864,0.8888888888888888
68,47,0.4725050916496945,0.8888888888888888
68,48,0.5682281059063137,1.0
68,49,0.9918533604887984,1.0
69,0,0.0,0.0
69,1,0.004073319755600814,0.3333333333333333
69,2,0.004073319755600814,0.3333333333333333
69,3,0.006109979633401222,0.4444444444444444
69,4,0.008146639511201629,0.5555555555555556
69,5,0.012219959266802444,0.5555555555555556
69,6,0.012219959266802444,0.5555555555555556
69,7,0.012219959266802444,0.6666666666666666
69,8,0.012219959266802444,0.6666666666666666
69,9,0.014256619144602852,0.7777777777777778
69,10,0.014256619144602852,0.7777777777777778
69,11,0.016293279022403257,0.7777777777777778
69,12,0.016293279022403257,0.7777777777777778
69,13,0.016293279022403257,0.7777777777777778
69,14,0.02240325865580448,0.7777777777777778
69,15,0.026476578411405296,0.7777777777777778
69,16,0.026476578411405296,0.8888888888888888
69,17,0.028513238289205704,0.8888888888888888
69,18,0.034623217922606926,0.8888888888888888
69,19,0.034623217922606926,0.8888888888888888
69,20,0.034623217922606926,0.8888888888888888
69,21,0.03665987780040733,0.8888888888888888
69,22,0.038696537678207736,0.8888888888888888
69,23,0.04480651731160896,0.8888888888888888
69,24,0.05295315682281059,0.8888888888888888
69,25,0.06517311608961303,0.8888888888888888
69,26,0.06924643584521385,0.8888888888888888
69,27,0.07331975560081466,0.8888888888888888
69,28,0.07942973523421588,0.8888888888888888
69,29,0.0855397148676171,0.8888888888888888
69,30,0.09775967413441955,0.8888888888888888
69,31,0.109979633401222,0.8888888888888888
69,32,0.12016293279022404,0.8888888888888888
69,33,0.14052953156822812,0.8888888888888888
69,34,0.15071283095723015,0.8888888888888888
69,35,0.15478615071283094,0.8888888888888888
69,36,0.1710794297352342,0.8888888888888888
69,37,0.19959266802443992,0.8888888888888888
69,38,0.21181262729124237,0.8888888888888888
69,39,0.23217922606924643,0.8888888888888888
69,40,0.2525458248472505,0.8888888888888888
69,41,0.2790224032586558,0.8888888888888888
69,42,0.3014256619144603,0.8888888888888888
69,43,0.3360488798370672,0.8888888888888888
69,44,0.3543788187372709,0.8888888888888888
69,45,0.39918533604887985,0.8888888888888888
69,46,0.4317718940936864,0.8888888888888888
69,47,0.4725050916496945,0.8888888888888888
69,48,0.5682281059063137,1.0
69,49,0.9918533604887984,1.0
70,0,0.0,0.0
70,1,0.004073319755600814,0.3333333333333333
70,2,0.004073319755600814,0.3333333333333333
70,3,0.006109979633401222,0.4444444444444444
70,4,0.008146639511201629,0.5555555555555556
70,5,0.012219959266802444,0.5555555555555556
70,6,0.012219959266802444,0.5555555555555556
70,7,0.012219959266802444,0.6666666666666666
70,8,0.012219959266802444,0.6666666666666666
70,9,0.014256619144602852,0.7777777777777778
70,10,0.014256619144602852,0.7777777777777778
70,11,0.016293279022403257,0.7777777777777778
70,12,0.016293279022403257,0.7777777777777778
70,13,0.016293279022403257,0.7777777777777778
70,14,0.02240325865580448,0.7777777777777778
70,15,0.026476578411405296,0.7777777777777778
70,16,0.026476578411405296,0.8888888888888888
70,17,0.028513238289205704,0.8888888888888888
70,18,0.034623217922606926,0.8888888888888888
70,19,0.034623217922606926,0.8888888888888888
70,20,0.034623217922606926,0.8888888888888888
70,21,0.03665987780040733,0.8888888888888888
70,22,0.038696537678207736,0.8888888888888888
70,23,0.04480651731160896,0.8888888888888888
70,24,0.05295315682281059,0.8888888888888888
70,25,0.06517311608961303,0.8888888888888888
70,26,0.06924643584521385,0.8888888888888888
70,27,0.07331975560081466,0.8888888888888888
70,28,0.07942973523421588,0.8888888888888888
70,29,0.0855397148676171,0.8888888888888888
70,30,0.09775967413441955,0.8888888888888888
70,31,0.109979633401222,0.8888888888888888
70,32,0.12016293279022404,0.8888888888888888
70,33,0.14052953156822812,0.8888888888888888
70,34,0.15071283095723015,0.8888888888888888
70,35,0.15478615071283094,0.8888888888888888
70,36,0.1710794297352342,0.8888888888888888
70,37,0.19959266802443992,0.8888888888888888
70,38,0.21181262729124237,0.8888888888888888
70,39,0.23217922606924643,0.8888888888888888
70,40,0.2525458248472505,0.8888888888888888
70,41,0.2790224032586558,0.8888888888888888
70,42,0.3014256619144603,0.8888888888888888
70,43,0.3360488798370672,0.8888888888888888
70,44,0.3543788187372709,0.8888888888888888
70,45,0.39918533604887985,0.8888888888888888
70,46,0.4317718940936864,0.8888888888888888
70,47,0.4725050916496945,0.8888888888888888
70,48,0.5682281059063137,1.0
70,49,0.9918533604887984,1.0
71,0,0.0,0.0
71,1,0.004073319755600814,0.3333333333333333
71,2,0.004073319755600814,0.3333333333333333
71,3,0.006109979633401222,0.4444444444444444
71,4,0.008146639511201629,0.5555555555555556
71,5,0.012219959266802444,0.5555555555555556
71,6,0.012219959266802444,0.5555555555555556
71,7,0.012219959266802444,0.6666666666666666
71,8,0.012219959266802444,0.6666666666666666
71,9,0.014256619144602852,0.7777777777777778
71,10,0.014256619144602852,0.7777777777777778
71,11,0.016293279022403257,0.7777777777777778
71,12,0.016293279022403257,0.7777777777777778
71,13,0.016293279022403257,0.7777777777777778
71,14,0.02240325865580448,0.7777777777777778
71,15,0.026476578411405296,0.7777777777777778
71,16,0.026476578411405296,0.8888888888888888
71,17,0.028513238289205704,0.8888888888888888
71,18,0.034623217922606926,0.8888888888888888
71,19,0.034623217922606926,0.8888888888888888
71,20,0.034623217922606926,0.8888888888888888
71,21,0.03665987780040733,0.8888888888888888
71,22,0.038696537678207736,0.8888888888888888
71,23,0.04480651731160896,0.8888888888888888
71,24,0.05295315682281059,0.8888888888888888
71,25,0.06517311608961303,0.8888888888888888
71,26,0.06924643584521385,0.8888888888888888
71,27,0.07331975560081466,0.8888888888888888
71,28,0.07942973523421588,0.8888888888888888
71,29,0.0855397148676171,0.8888888888888888
71,30,0.09775967413441955,0.8888888888888888
71,31,0.109979633401222,0.8888888888888888
71,32,0.12016293279022404,0.8888888888888888
71,33,0.14052953156822812,0.8888888888888888
71,34,0.15071283095723015,0.8888888888888888
71,35,0.15478615071283094,0.8888888888888888
71,36,0.1710794297352342,0.8888888888888888
71,37,0.19959266802443992,0.8888888888888888
71,38,0.21181262729124237,0.8888888888888888
71,39,0.23217922606924643,0.8888888888888888
71,40,0.2525458248472505,0.8888888888888888
71,41,0.2790224032586558,0.8888888888888888
71,42,0.3014256619144603,0.8888888888888888
71,43,0.3360488798370672,0.8888888888888888
71,44,0.3543788187372709,0.8888888888888888
71,45,0.39918533604887985,0.8888888888888888
71,46,0.4317718940936864,0.8888888888888888
71,47,0.4725050916496945,0.8888888888888888
71,48,0.5682281059063137,1.0
71,49,0.9918533604887984,1.0
72,0,0.0,0.0
72,1,0.004073319755600814,0.3333333333333333
72,2,0.004073319755600814,0.3333333333333333
72,3,0.006109979633401222,0.4444444444444444
72,4,0.008146639511201629,0.5555555555555556
72,5,0.012219959266802444,0.5555555555555556
72,6,0.012219959266802444,0.5555555555555556
72,7,0.012219959266802444,0.6666666666666666
72,8,0.012219959266802444,0.6666666666666666
72,9,0.014256619144602852,0.7777777777777778
72,10,0.014256619144602852,0.7777777777777778
72,11,0.016293279022403257,0.7777777777777778
72,12,0.016293279022403257,0.7777777777777778
72,13,0.016293279022403257,0.7777777777777778
72,14,0.02240325865580448,0.7777777777777778
72,15,0.026476578411405296,0.7777777777777778
72,16,0.026476578411405296,0.8888888888888888
72,17,0.028513238289205704,0.8888888888888888
72,18,0.034623217922606926,0.8888888888888888
72,19,0.034623217922606926,0.8888888888888888
72,20,0.034623217922606926,0.8888888888888888
72,21,0.03665987780040733,0.8888888888888888
72,22,0.038696537678207736,0.8888888888888888
72,23,0.04480651731160896,0.8888888888888888
72,24,0.05295315682281059,0.8888888888888888
72,25,0.06517311608961303,0.8888888888888888
72,26,0.06924643584521385,0.8888888888888888
72,27,0.07331975560081466,0.8888888888888888
72,28,0.07942973523421588,0.8888888888888888
72,29,0.0855397148676171,0.8888888888888888
72,30,0.09775967413441955,0.8888888888888888
72,31,0.109979633401222,0.8888888888888888
72,32,0.12016293279022404,0.8888888888888888
72,33,0.14052953156822812,0.8888888888888888
72,34,0.15071283095723015,0.8888888888888888
72,35,0.15478615071283094,0.8888888888888888
72,36,0.1710794297352342,0.8888888888888888
72,37,0.19959266802443992,0.8888888888888888
72,38,0.21181262729124237,0.8888888888888888
72,39,0.23217922606924643,0.8888888888888888
72,40,0.2525458248472505,0.8888888888888888
72,41,0.2790224032586558,0.8888888888888888
72,42,0.3014256619144603,0.8888888888888888
72,43,0.3360488798370672,0.8888888888888888
72,44,0.3543788187372709,0.8888888888888888
72,45,0.39918533604887985,0.8888888888888888
72,46,0.4317718940936864,0.8888888888888888
72,47,0.4725050916496945,0.8888888888888888
72,48,0.5682281059063137,1.0
72,49,0.9918533604887984,1.0
73,0,0.0,0.0
73,1,0.004073319755600814,0.3333333333333333
73,2,0.004073319755600814,0.3333333333333333
73,3,0.006109979633401222,0.4444444444444444
73,4,0.008146639511201629,0.5555555555555556
73,5,0.012219959266802444,0.5555555555555556
73,6,0.012219959266802444,0.5555555555555556
73,7,0.012219959266802444,0.6666666666666666
73,8,0.012219959266802444,0.6666666666666666
73,9,0.014256619144602852,0.7777777777777778
73,10,0.014256619144602852,0.7777777777777778
73,11,0.016293279022403257,0.7777777777777778
73,12,0.016293279022403257,0.7777777777777778
73,13,0.016293279022403257,0.7777777777777778
73,14,0.02240325865580448,0.7777777777777778
73,15,0.026476578411405296,0.7777777777777778
73,16,0.026476578411405296,0.8888888888888888
73,17,0.028513238289205704,0.8888888888888888
73,18,0.034623217922606926,0.8888888888888888
73,19,0.034623217922606926,0.8888888888888888
73,20,0.034623217922606926,0.8888888888888888
73,21,0.03665987780040733,0.8888888888888888
73,22,0.038696537678207736,0.8888888888888888
73,23,0.04480651731160896,0.8888888888888888
73,24,0.05295315682281059,0.8888888888888888
73,25,0.06517311608961303,0.8888888888888888
73,26,0.06924643584521385,0.8888888888888888
73,27,0.07331975560081466,0.8888888888888888
73,28,0.07942973523421588,0.8888888888888888
73,29,0.0855397148676171,0.8888888888888888
73,30,0.09775967413441955,0.8888888888888888
73,31,0.109979633401222,0.8888888888888888
73,32,0.12016293279022404,0.8888888888888888
73,33,0.14052953156822812,0.8888888888888888
73,34,0.15071283095723015,0.8888888888888888
73,35,0.15478615071283094,0.8888888888888888
73,36,0.1710794297352342,0.8888888888888888
73,37,0.19959266802443992,0.8888888888888888
73,38,0.21181262729124237,0.8888888888888888
73,39,0.23217922606924643,0.8888888888888888
73,40,0.2525458248472505,0.8888888888888888
73,41,0.2790224032586558,0.8888888888888888
73,42,0.3014256619144603,0.8888888888888888
73,43,0.3360488798370672,0.8888888888888888
73,44,0.3543788187372709,0.8888888888888888
73,45,0.39918533604887985,0.8888888888888888
73,46,0.4317718940936864,0.8888888888888888
73,47,0.4725050916496945,0.8888888888888888
73,48,0.5682281059063137,1.0
73,49,0.9918533604887984,1.0
74,0,0.0,0.0
74,1,0.004073319755600814,0.3333333333333333
74,2,0.004073319755600814,0.3333333333333333
74,3,0.006109979633401222,0.4444444444444444
74,4,0.008146639511201629,0.5555555555555556
74,5,0.012219959266802444,0.5555555555555556
74,6,0.012219959266802444,0.5555555555555556
74,7,0.012219959266802444,0.6666666666666666
74,8,0.012219959266802444,0.6666666666666666
74,9,0.014256619144602852,0.7777777777777778
74,10,0.014256619144602852,0.7777777777777778
74,11,0.016293279022403257,0.7777777777777778
74,12,0.016293279022403257,0.7777777777777778
74,13,0.016293279022403257,0.7777777777777778
74,14,0.02240325865580448,0.7777777777777778
74,15,0.026476578411405296,0.7777777777777778
74,16,0.026476578411405296,0.8888888888888888
74,17,0.028513238289205704,0.8888888888888888
74,18,0.034623217922606926,0.8888888888888888
74,19,0.034623217922606926,0.8888888888888888
74,20,0.034623217922606926,0.8888888888888888
74,21,0.03665987780040733,0.8888888888888888
74,22,0.038696537678207736,0.8888888888888888
74,23,0.04480651731160896,0.8888888888888888
74,24,0.05295315682281059,0.8888888888888888
74,25,0.06517311608961303,0.8888888888888888
74,26,0.06924643584521385,0.8888888888888888
74,27,0.07331975560081466,0.8888888888888888
74,28,0.07942973523421588,0.8888888888888888
74,29,0.0855397148676171,0.8888888888888888
74,30,0.09775967413441955,0.8888888888888888
74,31,0.109979633401222,0.8888888888888888
74,32,0.12016293279022404,0.8888888888888888
74,33,0.14052953156822812,0.8888888888888888
74,34,0.15071283095723015,0.8888888888888888
74,35,0.15478615071283094,0.8888888888888888
74,36,0.1710794297352342,0.8888888888888888
74,37,0.19959266802443992,0.8888888888888888
74,38,0.21181262729124237,0.8888888888888888
74,39,0.23217922606924643,0.8888888888888888
74,40,0.2525458248472505,0.8888888888888888
74,41,0.2790224032586558,0.8888888888888888
74,42,0.3014256619144603,0.8888888888888888
74,43,0.3360488798370672,0.8888888888888888
74,44,0.3543788187372709,0.8888888888888888
74,45,0.39918533604887985,0.8888888888888888
74,46,0.4317718940936864,0.8888888888888888
74,47,0.4725050916496945,0.8888888888888888
74,48,0.5682281059063137,1.0
74,49,0.9918533604887984,1.0
75,0,0.0,0.0
75,1,0.004073319755600814,0.3333333333333333
75,2,0.004073319755600814,0.3333333333333333
75,3,0.006109979633401222,0.4444444444444444
75,4,0.008146639511201629,0.5555555555555556
75,5,0.012219959266802444,0.5555555555555556
75,6,0.012219959266802444,0.5555555555555556
75,7,0.012219959266802444,0.6666666666666666
75,8,0.012219959266802444,0.6666666666666666
75,9,0.014256619144602852,0.7777777777777778
75,10,0.014256619144602852,0.7777777777777778
75,11,0.016293279022403257,0.7777777777777778
75,12,0.016293279022403257,0.7777777777777778
75,13,0.016293279022403257,0.7777777777777778
75,14,0.02240325865580448,0.7777777777777778
75,15,0.026476578411405296,0.7777777777777778
75,16,0.026476578411405296,0.8888888888888888
75,17,0.028513238289205704,0.8888888888888888
75,18,0.034623217922606926,0.8888888888888888
75,19,0.034623217922606926,0.8888888888888888
75,20,0.034623217922606926,0.8888888888888888
75,21,0.03665987780040733,0.8888888888888888
75,22,0.038696537678207736,0.8888888888888888
75,23,0.04480651731160896,0.8888888888888888
75,24,0.05295315682281059,0.8888888888888888
75,25,0.06517311608961303,0.8888888888888888
75,26,0.06924643584521385,0.8888888888888888
75,27,0.07331975560081466,0.8888888888888888
75,28,0.07942973523421588,0.8888888888888888
75,29,0.0855397148676171,0.8888888888888888
75,30,0.09775967413441955,0.8888888888888888
75,31,0.109979633401222,0.8888888888888888
75,32,0.12016293279022404,0.8888888888888888
75,33,0.14052953156822812,0.8888888888888888
75,34,0.15071283095723015,0.8888888888888888
75,35,0.15478615071283094,0.8888888888888888
75,36,0.1710794297352342,0.8888888888888888
75,37,0.19959266802443992,0.8888888888888888
75,38,0.21181262729124237,0.8888888888888888
75,39,0.23217922606924643,0.8888888888888888
75,40,0.2525458248472505,0.8888888888888888
75,41,0.2790224032586558,0.8888888888888888
75,42,0.3014256619144603,0.8888888888888888
75,43,0.3360488798370672,0.8888888888888888
75,44,0.3543788187372709,0.8888888888888888
75,45,0.39918533604887985,0.8888888888888888
75,46,0.4317718940936864,0.8888888888888888
75,47,0.4725050916496945,0.8888888888888888
75,48,0.5682281059063137,1.0
75,49,0.9918533604887984,1.0
76,0,0.0,0.0
76,1,0.004073319755600814,0.3333333333333333
76,2,0.004073319755600814,0.3333333333333333
76,3,0.006109979633401222,0.4444444444444444
76,4,0.008146639511201629,0.5555555555555556
76,5,0.012219959266802444,0.5555555555555556
76,6,0.012219959266802444,0.5555555555555556
76,7,0.012219959266802444,0.6666666666666666
76,8,0.012219959266802444,0.6666666666666666
76,9,0.014256619144602852,0.7777777777777778
76,10,0.014256619144602852,0.7777777777777778
76,11,0.016293279022403257,0.7777777777777778
76,12,0.016293279022403257,0.7777777777777778
76,13,0.016293279022403257,0.7777777777777778
76,14,0.02240325865580448,0.7777777777777778
76,15,0.026476578411405296,0.7777777777777778
76,16,0.026476578411405296,0.8888888888888888
76,17,0.028513238289205704,0.8888888888888888
76,18,0.034623217922606926,0.8888888888888888
76,19,0.034623217922606926,0.8888888888888888
76,20,0.034623217922606926,0.8888888888888888
76,21,0.03665987780040733,0.8888888888888888
76,22,0.038696537678207736,0.8888888888888888
76,23,0.04480651731160896,0.8888888888888888
76,24,0.05295315682281059,0.8888888888888888
76,25,0.06517311608961303,0.8888888888888888
76,26,0.06924643584521385,0.8888888888888888
76,27,0.07331975560081466,0.8888888888888888
76,28,0.07942973523421588,0.8888888888888888
76,29,0.0855397148676171,0.8888888888888888
76,30,0.09775967413441955,0.8888888888888888
76,31,0.109979633401222,0.8888888888888888
76,32,0.12016293279022404,0.8888888888888888
76,33,0.14052953156822812,0.8888888888888888
76,34,0.15071283095723015,0.8888888888888888
76,35,0.15478615071283094,0.8888888888888888
76,36,0.1710794297352342,0.8888888888888888
76,37,0.19959266802443992,0.8888888888888888
76,38,0.21181262729124237,0.8888888888888888
76,39,0.23217922606924643,0.8888888888888888
76,40,0.2525458248472505,0.8888888888888888
76,41,0.2790224032586558,0.8888888888888888
76,42,0.3014256619144603,0.8888888888888888
76,43,0.3360488798370672,0.8888888888888888
76,44,0.3543788187372709,0.8888888888888888
76,45,0.39918533604887985,0.8888888888888888
76,46,0.4317718940936864,0.8888888888888888
76,47,0.4725050916496945,0.8888888888888888
76,48,0.5682281059063137,1.0
76,49,0.9918533604887984,1.0
77,0,0.0,0.0
77,1,0.004073319755600814,0.3333333333333333
77,2,0.004073319755600814,0.3333333333333333
77,3,0.006109979633401222,0.4444444444444444
77,4,0.008146639511201629,0.5555555555555556
77,5,0.012219959266802444,0.5555555555555556
77,6,0.012219959266802444,0.5555555555555556
77,7,0.012219959266802444,0.6666666666666666
77,8,0.012219959266802444,0.6666666666666666
77,9,0.014256619144602852,0.7777777777777778
77,10,0.014256619144602852,0.7777777777777778
77,11,0.016293279022403257,0.7777777777777778
77,12,0.016293279022403257,0.7777777777777778
77,13,0.016293279022403257,0.7777777777777778
77,14,0.02240325865580448,0.7777777777777778
77,15,0.026476578411405296,0.7777777777777778
77,16,0.026476578411405296,0.8888888888888888
77,17,0.028513238289205704,0.8888888888888888
77,18,0.034623217922606926,0.8888888888888888
77,19,0.034623217922606926,0.8888888888888888
77,20,0.034623217922606926,0.8888888888888888
77,21,0.03665987780040733,0.8888888888888888
77,22,0.038696537678207736,0.8888888888888888
77,23,0.04480651731160896,0.8888888888888888
77,24,0.05295315682281059,0.8888888888888888
77,25,0.06517311608961303,0.8888888888888888
77,26,0.06924643584521385,0.8888888888888888
77,27,0.07331975560081466,0.8888888888888888
77,28,0.07942973523421588,0.8888888888888888
77,29,0.0855397148676171,0.8888888888888888
77,30,0.09775967413441955,0.8888888888888888
77,31,0.109979633401222,0.8888888888888888
77,32,0.12016293279022404,0.8888888888888888
77,33,0.14052953156822812,0.8888888888888888
77,34,0.15071283095723015,0.8888888888888888
77,35,0.15478615071283094,0.8888888888888888
77,36,0.1710794297352342,0.8888888888888888
77,37,0.19959266802443992,0.8888888888888888
77,38,0.21181262729124237,0.8888888888888888
77,39,0.23217922606924643,0.8888888888888888
77,40,0.2525458248472505,0.8888888888888888
77,41,0.2790224032586558,0.8888888888888888
77,42,0.3014256619144603,0.8888888888888888
77,43,0.3360488798370672,0.8888888888888888
77,44,0.3543788187372709,0.8888888888888888
77,45,0.39918533604887985,0.8888888888888888
77,46,0.4317718940936864,0.8888888888888888
77,47,0.4725050916496945,0.8888888888888888
77,48,0.5682281059063137,1.0
77,49,0.9918533604887984,1.0
78,0,0.0,0.0
78,1,0.004073319755600814,0.3333333333333333
78,2,0.004073319755600814,0.3333333333333333
78,3,0.006109979633401222,0.4444444444444444
78,4,0.008146639511201629,0.5555555555555556
78,5,0.012219959266802444,0.5555555555555556
78,6,0.012219959266802444,0.5555555555555556
78,7,0.012219959266802444,0.6666666666666666
78,8,0.012219959266802444,0.6666666666666666
78,9,0.014256619144602852,0.7777777777777778
78,10,0.014256619144602852,0.7777777777777778
78,11,0.016293279022403257,0.7777777777777778
78,12,0.016293279022403257,0.7777777777777778
78,13,0.016293279022403257,0.7777777777777778
78,14,0.02240325865580448,0.7777777777777778
78,15,0.026476578411405296,0.7777777777777778
78,16,0.026476578411405296,0.8888888888888888
78,17,0.028513238289205704,0.8888888888888888
78,18,0.034623217922606926,0.8888888888888888
78,19,0.034623217922606926,0.8888888888888888
78,20,0.034623217922606926,0.8888888888888888
78,21,0.03665987780040733,0.8888888888888888
78,22,0.038696537678207736,0.8888888888888888
78,23,0.04480651731160896,0.8888888888888888
78,24,0.05295315682281059,0.8888888888888888
78,25,0.06517311608961303,0.8888888888888888
78,26,0.06924643584521385,0.8888888888888888
78,27,0.07331975560081466,0.8888888888888888
78,28,0.07942973523421588,0.8888888888888888
78,29,0.0855397148676171,0.8888888888888888
78,30,0.09775967413441955,0.8888888888888888
78,31,0.109979633401222,0.8888888888888888
78,32,0.12016293279022404,0.8888888888888888
78,33,0.14052953156822812,0.8888888888888888
78,34,0.15071283095723015,0.8888888888888888
78,35,0.15478615071283094,0.8888888888888888
78,36,0.1710794297352342,0.8888888888888888
78,37,0.19959266802443992,0.8888888888888888
78,38,0.21181262729124237,0.8888888888888888
78,39,0.23217922606924643,0.8888888888888888
78,40,0.2525458248472505,0.8888888888888888
78,41,0.2790224032586558,0.8888888888888888
78,42,0.3014256619144603,0.8888888888888888
78,43,0.3360488798370672,0.8888888888888888
78,44,0.3543788187372709,0.8888888888888888
78,45,0.39918533604887985,0.8888888888888888
78,46,0.4317718940936864,0.8888888888888888
78,47,0.4725050916496945,0.8888888888888888
78,48,0.5682281059063137,1.0
78,49,0.9918533604887984,1.0
79,0,0.0,0.0
79,1,0.004073319755600814,0.3333333333333333
79,2,0.004073319755600814,0.3333333333333333
79,3,0.006109979633401222,0.4444444444444444
79,4,0.008146639511201629,0.5555555555555556
79,5,0.012219959266802444,0.5555555555555556
79,6,0.012219959266802444,0.5555555555555556
79,7,0.012219959266802444,0.6666666666666666
79,8,0.012219959266802444,0.6666666666666666
79,9,0.014256619144602852,0.7777777777777778
79,10,0.014256619144602852,0.7777777777777778
79,11,0.016293279022403257,0.7777777777777778
79,12,0.016293279022403257,0.7777777777777778
79,13,0.016293279022403257,0.7777777777777778
79,14,0.02240325865580448,0.7777777777777778
79,15,0.026476578411405296,0.7777777777777778
79,16,0.026476578411405296,0.8888888888888888
79,17,0.028513238289205704,0.8888888888888888
79,18,0.034623217922606926,0.8888888888888888
79,19,0.034623217922606926,0.8888888888888888
79,20,0.034623217922606926,0.8888888888888888
79,21,0.03665987780040733,0.8888888888888888
79,22,0.038696537678207736,0.8888888888888888
79,23,0.04480651731160896,0.8888888888888888
79,24,0.05295315682281059,0.8888888888888888
79,25,0.06517311608961303,0.8888888888888888
79,26,0.06924643584521385,0.8888888888888888
79,27,0.07331975560081466,0.8888888888888888
79,28,0.07942973523421588,0.8888888888888888
79,29,0.0855397148676171,0.8888888888888888
79,30,0.09775967413441955,0.8888888888888888
79,31,0.109979633401222,0.8888888888888888
79,32,0.12016293279022404,0.8888888888888888
79,33,0.14052953156822812,0.8888888888888888
79,34,0.15071283095723015,0.8888888888888888
79,35,0.15478615071283094,0.8888888888888888
79,36,0.1710794297352342,0.8888888888888888
79,37,0.19959266802443992,0.8888888888888888
79,38,0.21181262729124237,0.8888888888888888
79,39,0.23217922606924643,0.8888888888888888
79,40,0.2525458248472505,0.8888888888888888
79,41,0.2790224032586558,0.8888888888888888
79,42,0.3014256619144603,0.8888888888888888
79,43,0.3360488798370672,0.8888888888888888
79,44,0.3543788187372709,0.8888888888888888
79,45,0.39918533604887985,0.8888888888888888
79,46,0.4317718940936864,0.8888888888888888
79,47,0.4725050916496945,0.8888888888888888
79,48,0.5682281059063137,1.0
79,49,0.9918533604887984,1.0
80,0,0.0,0.0
80,1,0.004073319755600814,0.3333333333333333
80,2,0.004073319755600814,0.3333333333333333
80,3,0.006109979633401222,0.4444444444444444
80,4,0.008146639511201629,0.5555555555555556
80,5,0.012219959266802444,0.5555555555555556
80,6,0.012219959266802444,0.5555555555555556
80,7,0.012219959266802444,0.6666666666666666
80,8,0.012219959266802444,0.6666666666666666
80,9,0.014256619144602852,0.7777777777777778
80,10,0.014256619144602852,0.7777777777777778
80,11,0.016293279022403257,0.7777777777777778
80,12,0.016293279022403257,0.7777777777777778
80,13,0.016293279022403257,0.7777777777777778
80,14,0.02240325865580448,0.7777777777777778
80,15,0.026476578411405296,0.7777777777777778
80,16,0.026476578411405296,0.8888888888888888
80,17,0.028513238289205704,0.8888888888888888
80,18,0.034623217922606926,0.8888888888888888
80,19,0.034623217922606926,0.8888888888888888
80,20,0.034623217922606926,0.8888888888888888
80,21,0.03665987780040733,0.8888888888888888
80,22,0.038696537678207736,0.8888888888888888
80,23,0.04480651731160896,0.8888888888888888
80,24,0.05295315682281059,0.8888888888888888
80,25,0.06517311608961303,0.8888888888888888
80,26,0.06924643584521385,0.8888888888888888
80,27,0.07331975560081466,0.8888888888888888
80,28,0.07942973523421588,0.8888888888888888
80,29,0.0855397148676171,0.8888888888888888
80,30,0.09775967413441955,0.8888888888888888
80,31,0.109979633401222,0.8888888888888888
80,32,0.12016293279022404,0.8888888888888888
80,33,0.14052953156822812,0.8888888888888888
80,34,0.15071283095723015,0.8888888888888888
80,35,0.15478615071283094,0.8888888888888888
80,36,0.1710794297352342,0.8888888888888888
80,37,0.19959266802443992,0.8888888888888888
80,38,0.21181262729124237,0.8888888888888888
80,39,0.23217922606924643,0.8888888888888888
80,40,0.2525458248472505,0.8888888888888888
80,41,0.2790224032586558,0.8888888888888888
80,42,0.3014256619144603,0.8888888888888888
80,43,0.3360488798370672,0.8888888888888888
80,44,0.3543788187372709,0.8888888888888888
80,45,0.39918533604887985,0.8888888888888888
80,46,0.4317718940936864,0.8888888888888888
80,47,0.4725050916496945,0.8888888888888888
80,48,0.5682281059063137,1.0
80,49,0.9918533604887984,1.0
81,0,0.0,0.0
81,1,0.004073319755600814,0.3333333333333333
81,2,0.004073319755600814,0.3333333333333333
81,3,0.006109979633401222,0.4444444444444444
81,4,0.008146639511201629,0.5555555555555556
81,5,0.012219959266802444,0.5555555555555556
81,6,0.012219959266802444,0.5555555555555556
81,7,0.012219959266802444,0.6666666666666666
81,8,0.012219959266802444,0.6666666666666666
81,9,0.014256619144602852,0.7777777777777778
81,10,0.014256619144602852,0.7777777777777778
81,11,0.016293279022403257,0.7777777777777778
81,12,0.016293279022403257,0.7777777777777778
81,13,0.016293279022403257,0.7777777777777778
81,14,0.02240325865580448,0.7777777777777778
81,15,0.026476578411405296,0.7777777777777778
81,16,0.026476578411405296,0.8888888888888888
81,17,0.028513238289205704,0.8888888888888888
81,18,0.034623217922606926,0.8888888888888888
81,19,0.034623217922606926,0.8888888888888888
81,20,0.034623217922606926,0.8888888888888888
81,21,0.03665987780040733,0.8888888888888888
81,22,0.038696537678207736,0.8888888888888888
81,23,0.04480651731160896,0.8888888888888888
81,24,0.05295315682281059,0.8888888888888888
81,25,0.06517311608961303,0.8888888888888888
81,26,0.06924643584521385,0.8888888888888888
81,27,0.07331975560081466,0.8888888888888888
81,28,0.07942973523421588,0.8888888888888888
81,29,0.0855397148676171,0.8888888888888888
81,30,0.09775967413441955,0.8888888888888888
81,31,0.109979633401222,0.8888888888888888
81,32,0.12016293279022404,0.8888888888888888
81,33,0.14052953156822812,0.8888888888888888
81,34,0.15071283095723015,0.8888888888888888
81,35,0.15478615071283094,0.8888888888888888
81,36,0.1710794297352342,0.8888888888888888
81,37,0.19959266802443992,0.8888888888888888
81,38,0.21181262729124237,0.8888888888888888
81,39,0.23217922606924643,0.8888888888888888
81,40,0.2525458248472505,0.8888888888888888
81,41,0.2790224032586558,0.8888888888888888
81,42,0.3014256619144603,0.8888888888888888
81,43,0.3360488798370672,0.8888888888888888
81,44,0.3543788187372709,0.8888888888888888
81,45,0.39918533604887985,0.8888888888888888
81,46,0.4317718940936864,0.8888888888888888
81,47,0.4725050916496945,0.8888888888888888
81,48,0.5682281059063137,1.0
81,49,0.9918533604887984,1.0
82,0,0.0,0.0
82,1,0.004073319755600814,0.3333333333333333
82,2,0.004073319755600814,0.3333333333333333
82,3,0.006109979633401222,0.4444444444444444
82,4,0.008146639511201629,0.5555555555555556
82,5,0.012219959266802444,0.5555555555555556
82,6,0.012219959266802444,0.5555555555555556
82,7,0.012219959266802444,0.6666666666666666
82,8,0.012219959266802444,0.6666666666666666
82,9,0.014256619144602852,0.7777777777777778
82,10,0.014256619144602852,0.7777777777777778
82,11,0.016293279022403257,0.7777777777777778
82,12,0.016293279022403257,0.7777777777777778
82,13,0.016293279022403257,0.7777777777777778
82,14,0.02240325865580448,0.7777777777777778
82,15,0.026476578411405296,0.7777777777777778
82,16,0.026476578411405296,0.8888888888888888
82,17,0.028513238289205704,0.8888888888888888
82,18,0.034623217922606926,0.8888888888888888
82,19,0.034623217922606926,0.8888888888888888
82,20,0.034623217922606926,0.8888888888888888
82,21,0.03665987780040733,0.8888888888888888
82,22,0.038696537678207736,0.8888888888888888
82,23,0.04480651731160896,0.8888888888888888
82,24,0.05295315682281059,0.8888888888888888
82,25,0.06517311608961303,0.8888888888888888
82,26,0.06924643584521385,0.8888888888888888
82,27,0.07331975560081466,0.8888888888888888
82,28,0.07942973523421588,0.8888888888888888
82,29,0.0855397148676171,0.8888888888888888
82,30,0.09775967413441955,0.8888888888888888
82,31,0.109979633401222,0.8888888888888888
82,32,0.12016293279022404,0.8888888888888888
82,33,0.14052953156822812,0.8888888888888888
82,34,0.15071283095723015,0.8888888888888888
82,35,0.15478615071283094,0.8888888888888888
82,36,0.1710794297352342,0.8888888888888888
82,37,0.19959266802443992,0.8888888888888888
82,38,0.21181262729124237,0.8888888888888888
82,39,0.23217922606924643,0.8888888888888888
82,40,0.2525458248472505,0.8888888888888888
82,41,0.2790224032586558,0.8888888888888888
82,42,0.3014256619144603,0.8888888888888888
82,43,0.3360488798370672,0.8888888888888888
82,44,0.3543788187372709,0.8888888888888888
82,45,0.39918533604887985,0.8888888888888888
82,46,0.4317718940936864,0.8888888888888888
82,47,0.4725050916496945,0.8888888888888888
82,48,0.5682281059063137,1.0
82,49,0.9918533604887984,1.0
83,0,0.0,0.0
83,1,0.004073319755600814,0.3333333333333333
83,2,0.004073319755600814,0.3333333333333333
83,3,0.006109979633401222,0.4444444444444444
83,4,0.008146639511201629,0.5555555555555556
83,5,0.012219959266802444,0.5555555555555556
83,6,0.012219959266802444,0.5555555555555556
83,7,0.012219959266802444,0.6666666666666666
83,8,0.012219959266802444,0.6666666666666666
83,9,0.014256619144602852,0.7777777777777778
83,10,0.014256619144602852,0.7777777777777778
83,11,0.016293279022403257,0.7777777777777778
83,12,0.016293279022403257,0.7777777777777778
83,13,0.016293279022403257,0.7777777777777778
83,14,0.02240325865580448,0.7777777777777778
83,15,0.026476578411405296,0.7777777777777778
83,16,0.026476578411405296,0.8888888888888888
83,17,0.028513238289205704,0.8888888888888888
83,18,0.034623217922606926,0.8888888888888888
83,19,0.034623217922606926,0.8888888888888888
83,20,0.034623217922606926,0.8888888888888888
83,21,0.03665987780040733,0.8888888888888888
83,22,0.038696537678207736,0.8888888888888888
83,23,0.04480651731160896,0.8888888888888888
83,24,0.05295315682281059,0.8888888888888888
83,25,0.06517311608961303,0.8888888888888888
83,26,0.06924643584521385,0.8888888888888888
83,27,0.07331975560081466,0.8888888888888888
83,28,0.07942973523421588,0.8888888888888888
83,29,0.0855397148676171,0.8888888888888888
83,30,0.09775967413441955,0.8888888888888888
83,31,0.109979633401222,0.8888888888888888
83,32,0.12016293279022404,0.8888888888888888
83,33,0.14052953156822812,0.8888888888888888
83,34,0.15071283095723015,0.8888888888888888
83,35,0.15478615071283094,0.8888888888888888
83,36,0.1710794297352342,0.8888888888888888
83,37,0.19959266802443992,0.8888888888888888
83,38,0.21181262729124237,0.8888888888888888
83,39,0.23217922606924643,0.8888888888888888
83,40,0.2525458248472505,0.8888888888888888
83,41,0.2790224032586558,0.8888888888888888
83,42,0.3014256619144603,0.8888888888888888
83,43,0.3360488798370672,0.8888888888888888
83,44,0.3543788187372709,0.8888888888888888
83,45,0.39918533604887985,0.8888888888888888
83,46,0.4317718940936864,0.8888888888888888
83,47,0.4725050916496945,0.8888888888888888
83,48,0.5682281059063137,1.0
83,49,0.9918533604887984,1.0
84,0,0.0,0.0
84,1,0.004073319755600814,0.3333333333333333
84,2,0.004073319755600814,0.3333333333333333
84,3,0.006109979633401222,0.4444444444444444
84,4,0.008146639511201629,0.5555555555555556
84,5,0.012219959266802444,0.5555555555555556
84,6,0.012219959266802444,0.5555555555555556
84,7,0.012219959266802444,0.6666666666666666
84,8,0.012219959266802444,0.6666666666666666
84,9,0.014256619144602852,0.7777777777777778
84,10,0.014256619144602852,0.7777777777777778
84,11,0.016293279022403257,0.7777777777777778
84,12,0.016293279022403257,0.7777777777777778
84,13,0.016293279022403257,0.7777777777777778
84,14,0.02240325865580448,0.7777777777777778
84,15,0.026476578411405296,0.7777777777777778
84,16,0.026476578411405296,0.8888888888888888
84,17,0.028513238289205704,0.8888888888888888
84,18,0.034623217922606926,0.8888888888888888
84,19,0.034623217922606926,0.8888888888888888
84,20,0.034623217922606926,0.8888888888888888
84,21,0.03665987780040733,0.8888888888888888
84,22,0.038696537678207736,0.8888888888888888
84,23,0.04480651731160896,0.8888888888888888
84,24,0.05295315682281059,0.8888888888888888
84,25,0.06517311608961303,0.8888888888888888
84,26,0.06924643584521385,0.8888888888888888
84,27,0.07331975560081466,0.8888888888888888
84,28,0.07942973523421588,0.8888888888888888
84,29,0.0855397148676171,0.8888888888888888
84,30,0.09775967413441955,0.8888888888888888
84,31,0.109979633401222,0.8888888888888888
84,32,0.12016293279022404,0.8888888888888888
84,33,0.14052953156822812,0.8888888888888888
84,34,0.15071283095723015,0.8888888888888888
84,35,0.15478615071283094,0.8888888888888888
84,36,0.1710794297352342,0.8888888888888888
84,37,0.19959266802443992,0.8888888888888888
84,38,0.21181262729124237,0.8888888888888888
84,39,0.23217922606924643,0.8888888888888888
84,40,0.2525458248472505,0.8888888888888888
84,41,0.2790224032586558,0.8888888888888888
84,42,0.3014256619144603,0.8888888888888888
84,43,0.3360488798370672,0.8888888888888888
84,44,0.3543788187372709,0.8888888888888888
84,45,0.39918533604887985,0.8888888888888888
84,46,0.4317718940936864,0.8888888888888888
84,47,0.4725050916496945,0.8888888888888888
84,48,0.5682281059063137,1.0
84,49,0.9918533604887984,1.0
85,0,0.0,0.0
85,1,0.004073319755600814,0.3333333333333333
85,2,0.004073319755600814,0.3333333333333333
85,3,0.006109979633401222,0.4444444444444444
85,4,0.008146639511201629,0.5555555555555556
85,5,0.012219959266802444,0.5555555555555556
85,6,0.012219959266802444,0.5555555555555556
85,7,0.012219959266802444,0.6666666666666666
85,8,0.012219959266802444,0.6666666666666666
85,9,0.014256619144602852,0.7777777777777778
85,10,0.014256619144602852,0.7777777777777778
85,11,0.016293279022403257,0.7777777777777778
85,12,0.016293279022403257,0.7777777777777778
85,13,0.016293279022403257,0.7777777777777778
85,14,0.02240325865580448,0.7777777777777778
85,15,0.026476578411405296,0.7777777777777778
85,16,0.026476578411405296,0.8888888888888888
85,17,0.028513238289205704,0.8888888888888888
85,18,0.034623217922606926,0.8888888888888888
85,19,0.034623217922606926,0.8888888888888888
85,20,0.034623217922606926,0.8888888888888888
85,21,0.03665987780040733,0.8888888888888888
85,22,0.038696537678207736,0.8888888888888888
85,23,0.04480651731160896,0.8888888888888888
85,24,0.05295315682281059,0.8888888888888888
85,25,0.06517311608961303,0.8888888888888888
85,26,0.06924643584521385,0.8888888888888888
85,27,0.07331975560081466,0.8888888888888888
85,28,0.07942973523421588,0.8888888888888888
85,29,0.0855397148676171,0.8888888888888888
85,30,0.09775967413441955,0.8888888888888888
85,31,0.109979633401222,0.8888888888888888
85,32,0.12016293279022404,0.8888888888888888
85,33,0.14052953156822812,0.8888888888888888
85,34,0.15071283095723015,0.8888888888888888
85,35,0.15478615071283094,0.8888888888888888
85,36,0.1710794297352342,0.8888888888888888
85,37,0.19959266802443992,0.8888888888888888
85,38,0.21181262729124237,0.8888888888888888
85,39,0.23217922606924643,0.8888888888888888
85,40,0.2525458248472505,0.8888888888888888
85,41,0.2790224032586558,0.8888888888888888
85,42,0.3014256619144603,0.8888888888888888
85,43,0.3360488798370672,0.8888888888888888
85,44,0.3543788187372709,0.8888888888888888
85,45,0.39918533604887985,0.8888888888888888
85,46,0.4317718940936864,0.8888888888888888
85,47,0.4725050916496945,0.8888888888888888
85,48,0.5682281059063137,1.0
85,49,0.9918533604887984,1.0
86,0,0.0,0.0
86,1,0.004073319755600814,0.3333333333333333
86,2,0.004073319755600814,0.3333333333333333
86,3,0.006109979633401222,0.4444444444444444
86,4,0.008146639511201629,0.5555555555555556
86,5,0.012219959266802444,0.5555555555555556
86,6,0.012219959266802444,0.5555555555555556
86,7,0.012219959266802444,0.6666666666666666
86,8,0.012219959266802444,0.6666666666666666
86,9,0.014256619144602852,0.7777777777777778
86,10,0.014256619144602852,0.7777777777777778
86,11,0.016293279022403257,0.7777777777777778
86,12,0.016293279022403257,0.7777777777777778
86,13,0.016293279022403257,0.7777777777777778
86,14,0.02240325865580448,0.7777777777777778
86,15,0.026476578411405296,0.7777777777777778
86,16,0.026476578411405296,0.8888888888888888
86,17,0.028513238289205704,0.8888888888888888
86,18,0.034623217922606926,0.8888888888888888
86,19,0.034623217922606926,0.8888888888888888
86,20,0.034623217922606926,0.8888888888888888
86,21,0.03665987780040733,0.8888888888888888
86,22,0.038696537678207736,0.8888888888888888
86,23,0.04480651731160896,0.8888888888888888
86,24,0.05295315682281059,0.8888888888888888
86,25,0.06517311608961303,0.8888888888888888
86,26,0.06924643584521385,0.8888888888888888
86,27,0.07331975560081466,0.8888888888888888
86,28,0.07942973523421588,0.8888888888888888
86,29,0.0855397148676171,0.8888888888888888
86,30,0.09775967413441955,0.8888888888888888
86,31,0.109979633401222,0.8888888888888888
86,32,0.12016293279022404,0.8888888888888888
86,33,0.14052953156822812,0.8888888888888888
86,34,0.15071283095723015,0.8888888888888888
86,35,0.15478615071283094,0.8888888888888888
86,36,0.1710794297352342,0.8888888888888888
86,37,0.19959266802443992,0.8888888888888888
86,38,0.21181262729124237,0.8888888888888888
86,39,0.23217922606924643,0.8888888888888888
86,40,0.2525458248472505,0.8888888888888888
86,41,0.2790224032586558,0.8888888888888888
86,42,0.3014256619144603,0.8888888888888888
86,43,0.3360488798370672,0.8888888888888888
86,44,0.3543788187372709,0.8888888888888888
86,45,0.39918533604887985,0.8888888888888888
86,46,0.4317718940936864,0.8888888888888888
86,47,0.4725050916496945,0.8888888888888888
86,48,0.5682281059063137,1.0
86,49,0.9918533604887984,1.0
87,0,0.0,0.0
87,1,0.004073319755600814,0.3333333333333333
87,2,0.004073319755600814,0.3333333333333333
87,3,0.006109979633401222,0.4444444444444444
87,4,0.008146639511201629,0.5555555555555556
87,5,0.012219959266802444,0.5555555555555556
87,6,0.012219959266802444,0.5555555555555556
87,7,0.012219959266802444,0.6666666666666666
87,8,0.012219959266802444,0.6666666666666666
87,9,0.014256619144602852,0.7777777777777778
87,10,0.014256619144602852,0.7777777777777778
87,11,0.016293279022403257,0.7777777777777778
87,12,0.016293279022403257,0.7777777777777778
87,13,0.016293279022403257,0.7777777777777778
87,14,0.02240325865580448,0.7777777777777778
87,15,0.026476578411405296,0.7777777777777778
87,16,0.026476578411405296,0.8888888888888888
87,17,0.028513238289205704,0.8888888888888888
87,18,0.034623217922606926,0.8888888888888888
87,19,0.034623217922606926,0.8888888888888888
87,20,0.034623217922606926,0.8888888888888888
87,21,0.03665987780040733,0.8888888888888888
87,22,0.038696537678207736,0.8888888888888888
87,23,0.04480651731160896,0.8888888888888888
87,24,0.05295315682281059,0.8888888888888888
87,25,0.06517311608961303,0.8888888888888888
87,26,0.06924643584521385,0.8888888888888888
87,27,0.07331975560081466,0.8888888888888888
87,28,0.07942973523421588,0.8888888888888888
87,29,0.0855397148676171,0.8888888888888888
87,30,0.09775967413441955,0.8888888888888888
87,31,0.109979633401222,0.8888888888888888
87,32,0.12016293279022404,0.8888888888888888
87,33,0.14052953156822812,0.8888888888888888
87,34,0.15071283095723015,0.8888888888888888
87,35,0.15478615071283094,0.8888888888888888
87,36,0.1710794297352342,0.8888888888888888
87,37,0.19959266802443992,0.8888888888888888
87,38,0.21181262729124237,0.8888888888888888
87,39,0.23217922606924643,0.8888888888888888
87,40,0.2525458248472505,0.8888888888888888
87,41,0.2790224032586558,0.8888888888888888
87,42,0.3014256619144603,0.8888888888888888
87,43,0.3360488798370672,0.8888888888888888
87,44,0.3543788187372709,0.8888888888888888
87,45,0.39918533604887985,0.8888888888888888
87,46,0.4317718940936864,0.8888888888888888
87,47,0.4725050916496945,0.8888888888888888
87,48,0.5682281059063137,1.0
87,49,0.9918533604887984,1.0
88,0,0.0,0.0
88,1,0.004073319755600814,0.3333333333333333
88,2,0.004073319755600814,0.3333333333333333
88,3,0.006109979633401222,0.4444444444444444
88,4,0.008146639511201629,0.5555555555555556
88,5,0.012219959266802444,0.5555555555555556
88,6,0.012219959266802444,0.5555555555555556
88,7,0.012219959266802444,0.6666666666666666
88,8,0.012219959266802444,0.6666666666666666
88,9,0.014256619144602852,0.7777777777777778
88,10,0.014256619144602852,0.7777777777777778
88,11,0.016293279022403257,0.7777777777777778
88,12,0.016293279022403257,0.7777777777777778
88,13,0.016293279022403257,0.7777777777777778
88,14,0.02240325865580448,0.7777777777777778
88,15,0.026476578411405296,0.7777777777777778
88,16,0.026476578411405296,0.8888888888888888
88,17,0.028513238289205704,0.8888888888888888
88,18,0.034623217922606926,0.8888888888888888
88,19,0.034623217922606926,0.8888888888888888
88,20,0.034623217922606926,0.8888888888888888
88,21,0.03665987780040733,0.8888888888888888
88,22,0.038696537678207736,0.8888888888888888
88,23,0.04480651731160896,0.8888888888888888
88,24,0.05295315682281059,0.8888888888888888
88,25,0.06517311608961303,0.8888888888888888
88,26,0.06924643584521385,0.8888888888888888
88,27,0.07331975560081466,0.8888888888888888
88,28,0.07942973523421588,0.8888888888888888
88,29,0.0855397148676171,0.8888888888888888
88,30,0.09775967413441955,0.8888888888888888
88,31,0.109979633401222,0.8888888888888888
88,32,0.12016293279022404,0.8888888888888888
88,33,0.14052953156822812,0.8888888888888888
88,34,0.15071283095723015,0.8888888888888888
88,35,0.15478615071283094,0.8888888888888888
88,36,0.1710794297352342,0.8888888888888888
88,37,0.19959266802443992,0.8888888888888888
88,38,0.21181262729124237,0.8888888888888888
88,39,0.23217922606924643,0.8888888888888888
88,40,0.2525458248472505,0.8888888888888888
88,41,0.2790224032586558,0.8888888888888888
88,42,0.3014256619144603,0.8888888888888888
88,43,0.3360488798370672,0.8888888888888888
88,44,0.3543788187372709,0.8888888888888888
88,45,0.39918533604887985,0.8888888888888888
88,46,0.4317718940936864,0.8888888888888888
88,47,0.4725050916496945,0.8888888888888888
88,48,0.5682281059063137,1.0
88,49,0.9918533604887984,1.0
89,0,0.0,0.0
89,1,0.004073319755600814,0.3333333333333333
89,2,0.004073319755600814,0.3333333333333333
89,3,0.006109979633401222,0.4444444444444444
89,4,0.008146639511201629,0.5555555555555556
89,5,0.012219959266802444,0.5555555555555556
89,6,0.012219959266802444,0.5555555555555556
89,7,0.012219959266802444,0.6666666666666666
89,8,0.012219959266802444,0.6666666666666666
89,9,0.014256619144602852,0.7777777777777778
89,10,0.014256619144602852,0.7777777777777778
89,11,0.016293279022403257,0.7777777777777778
89,12,0.016293279022403257,0.7777777777777778
89,13,0.016293279022403257,0.7777777777777778
89,14,0.02240325865580448,0.7777777777777778
89,15,0.026476578411405296,0.7777777777777778
89,16,0.026476578411405296,0.8888888888888888
89,17,0.028513238289205704,0.8888888888888888
89,18,0.034623217922606926,0.8888888888888888
89,19,0.034623217922606926,0.8888888888888888
89,20,0.034623217922606926,0.8888888888888888
89,21,0.03665987780040733,0.8888888888888888
89,22,0.038696537678207736,0.8888888888888888
89,23,0.04480651731160896,0.8888888888888888
89,24,0.05295315682281059,0.8888888888888888
89,25,0.06517311608961303,0.8888888888888888
89,26,0.06924643584521385,0.8888888888888888
89,27,0.07331975560081466,0.8888888888888888
89,28,0.07942973523421588,0.8888888888888888
89,29,0.0855397148676171,0.8888888888888888
89,30,0.09775967413441955,0.8888888888888888
89,31,0.109979633401222,0.8888888888888888
89,32,0.12016293279022404,0.8888888888888888
89,33,0.14052953156822812,0.8888888888888888
89,34,0.15071283095723015,0.8888888888888888
89,35,0.15478615071283094,0.8888888888888888
89,36,0.1710794297352342,0.8888888888888888
89,37,0.19959266802443992,0.8888888888888888
89,38,0.21181262729124237,0.8888888888888888
89,39,0.23217922606924643,0.8888888888888888
89,40,0.2525458248472505,0.8888888888888888
89,41,0.2790224032586558,0.8888888888888888
89,42,0.3014256619144603,0.8888888888888888
89,43,0.3360488798370672,0.8888888888888888
89,44,0.3543788187372709,0.8888888888888888
89,45,0.39918533604887985,0.8888888888888888
89,46,0.4317718940936864,0.8888888888888888
89,47,0.4725050916496945,0.8888888888888888
89,48,0.5682281059063137,1.0
89,49,0.9918533604887984,1.0
90,0,0.0,0.0
90,1,0.004073319755600814,0.3333333333333333
90,2,0.004073319755600814,0.3333333333333333
90,3,0.006109979633401222,0.4444444444444444
90,4,0.008146639511201629,0.5555555555555556
90,5,0.012219959266802444,0.5555555555555556
90,6,0.012219959266802444,0.5555555555555556
90,7,0.012219959266802444,0.6666666666666666
90,8,0.012219959266802444,0.6666666666666666
90,9,0.014256619144602852,0.7777777777777778
90,10,0.014256619144602852,0.7777777777777778
90,11,0.016293279022403257,0.7777777777777778
90,12,0.016293279022403257,0.7777777777777778
90,13,0.016293279022403257,0.7777777777777778
90,14,0.02240325865580448,0.7777777777777778
90,15,0.026476578411405296,0.7777777777777778
90,16,0.026476578411405296,0.8888888888888888
90,17,0.028513238289205704,0.8888888888888888
90,18,0.034623217922606926,0.8888888888888888
90,19,0.034623217922606926,0.8888888888888888
90,20,0.034623217922606926,0.8888888888888888
90,21,0.03665987780040733,0.8888888888888888
90,22,0.038696537678207736,0.8888888888888888
90,23,0.04480651731160896,0.8888888888888888
90,24,0.05295315682281059,0.8888888888888888
90,25,0.06517311608961303,0.8888888888888888
90,26,0.06924643584521385,0.8888888888888888
90,27,0.07331975560081466,0.8888888888888888
90,28,0.07942973523421588,0.8888888888888888
90,29,0.0855397148676171,0.8888888888888888
90,30,0.09775967413441955,0.8888888888888888
90,31,0.109979633401222,0.8888888888888888
90,32,0.12016293279022404,0.8888888888888888
90,33,0.14052953156822812,0.8888888888888888
90,34,0.15071283095723015,0.8888888888888888
90,35,0.15478615071283094,0.8888888888888888
90,36,0.1710794297352342,0.8888888888888888
90,37,0.19959266802443992,0.8888888888888888
90,38,0.21181262729124237,0.8888888888888888
90,39,0.23217922606924643,0.8888888888888888
90,40,0.2525458248472505,0.8888888888888888
90,41,0.2790224032586558,0.8888888888888888
90,42,0.3014256619144603,0.8888888888888888
90,43,0.3360488798370672,0.8888888888888888
90,44,0.3543788187372709,0.8888888888888888
90,45,0.39918533604887985,0.8888888888888888
90,46,0.4317718940936864,0.8888888888888888
90,47,0.4725050916496945,0.8888888888888888
90,48,0.5682281059063137,1.0
90,49,0.9918533604887984,1.0
91,0,0.0,0.0
91,1,0.004073319755600814,0.3333333333333333
91,2,0.004073319755600814,0.3333333333333333
91,3,0.006109979633401222,0.4444444444444444
91,4,0.008146639511201629,0.5555555555555556
91,5,0.012219959266802444,0.5555555555555556
91,6,0.012219959266802444,0.5555555555555556
91,7,0.012219959266802444,0.6666666666666666
91,8,0.012219959266802444,0.6666666666666666
91,9,0.014256619144602852,0.7777777777777778
91,10,0.014256619144602852,0.7777777777777778
91,11,0.016293279022403257,0.7777777777777778
91,12,0.016293279022403257,0.7777777777777778
91,13,0.016293279022403257,0.7777777777777778
91,14,0.02240325865580448,0.7777777777777778
91,15,0.026476578411405296,0.7777777777777778
91,16,0.026476578411405296,0.8888888888888888
91,17,0.028513238289205704,0.8888888888888888
91,18,0.034623217922606926,0.8888888888888888
91,19,0.034623217922606926,0.8888888888888888
91,20,0.034623217922606926,0.8888888888888888
91,21,0.03665987780040733,0.8888888888888888
91,22,0.038696537678207736,0.8888888888888888
91,23,0.04480651731160896,0.8888888888888888
91,24,0.05295315682281059,0.8888888888888888
91,25,0.06517311608961303,0.8888888888888888
91,26,0.06924643584521385,0.8888888888888888
91,27,0.07331975560081466,0.8888888888888888
91,28,0.07942973523421588,0.8888888888888888
91,29,0.0855397148676171,0.8888888888888888
91,30,0.09775967413441955,0.8888888888888888
91,31,0.109979633401222,0.8888888888888888
91,32,0.12016293279022404,0.8888888888888888
91,33,0.14052953156822812,0.8888888888888888
91,34,0.15071283095723015,0.8888888888888888
91,35,0.15478615071283094,0.8888888888888888
91,36,0.1710794297352342,0.8888888888888888
91,37,0.19959266802443992,0.8888888888888888
91,38,0.21181262729124237,0.8888888888888888
91,39,0.23217922606924643,0.8888888888888888
91,40,0.2525458248472505,0.8888888888888888
91,41,0.2790224032586558,0.8888888888888888
91,42,0.3014256619144603,0.8888888888888888
91,43,0.3360488798370672,0.8888888888888888
91,44,0.3543788187372709,0.8888888888888888
91,45,0.39918533604887985,0.8888888888888888
91,46,0.4317718940936864,0.8888888888888888
91,47,0.4725050916496945,0.8888888888888888
91,48,0.5682281059063137,1.0
91,49,0.9918533604887984,1.0
92,0,0.0,0.0
92,1,0.004073319755600814,0.3333333333333333
92,2,0.004073319755600814,0.3333333333333333
92,3,0.006109979633401222,0.4444444444444444
92,4,0.008146639511201629,0.5555555555555556
92,5,0.012219959266802444,0.5555555555555556
92,6,0.012219959266802444,0.5555555555555556
92,7,0.012219959266802444,0.6666666666666666
92,8,0.012219959266802444,0.6666666666666666
92,9,0.014256619144602852,0.7777777777777778
92,10,0.014256619144602852,0.7777777777777778
92,11,0.016293279022403257,0.7777777777777778
92,12,0.016293279022403257,0.7777777777777778
92,13,0.016293279022403257,0.7777777777777778
92,14,0.02240325865580448,0.7777777777777778
92,15,0.026476578411405296,0.7777777777777778
92,16,0.026476578411405296,0.8888888888888888
92,17,0.028513238289205704,0.8888888888888888
92,18,0.034623217922606926,0.8888888888888888
92,19,0.034623217922606926,0.8888888888888888
92,20,0.034623217922606926,0.8888888888888888
92,21,0.03665987780040733,0.8888888888888888
92,22,0.038696537678207736,0.8888888888888888
92,23,0.04480651731160896,0.8888888888888888
92,24,0.05295315682281059,0.8888888888888888
92,25,0.06517311608961303,0.8888888888888888
92,26,0.06924643584521385,0.8888888888888888
92,27,0.07331975560081466,0.8888888888888888
92,28,0.07942973523421588,0.8888888888888888
92,29,0.0855397148676171,0.8888888888888888
92,30,0.09775967413441955,0.8888888888888888
92,31,0.109979633401222,0.8888888888888888
92,32,0.12016293279022404,0.8888888888888888
92,33,0.14052953156822812,0.8888888888888888
92,34,0.15071283095723015,0.8888888888888888
92,35,0.15478615071283094,0.8888888888888888
92,36,0.1710794297352342,0.8888888888888888
92,37,0.19959266802443992,0.8888888888888888
92,38,0.21181262729124237,0.8888888888888888
92,39,0.23217922606924643,0.8888888888888888
92,40,0.2525458248472505,0.8888888888888888
92,41,0.2790224032586558,0.8888888888888888
92,42,0.3014256619144603,0.8888888888888888
92,43,0.3360488798370672,0.8888888888888888
92,44,0.3543788187372709,0.8888888888888888
92,45,0.39918533604887985,0.8888888888888888
92,46,0.4317718940936864,0.8888888888888888
92,47,0.4725050916496945,0.8888888888888888
92,48,0.5682281059063137,1.0
92,49,0.9918533604887984,1.0
93,0,0.0,0.0
93,1,0.004073319755600814,0.3333333333333333
93,2,0.004073319755600814,0.3333333333333333
93,3,0.006109979633401222,0.4444444444444444
93,4,0.008146639511201629,0.5555555555555556
93,5,0.012219959266802444,0.5555555555555556
93,6,0.012219959266802444,0.5555555555555556
93,7,0.012219959266802444,0.6666666666666666
93,8,0.012219959266802444,0.6666666666666666
93,9,0.014256619144602852,0.7777777777777778
93,10,0.014256619144602852,0.7777777777777778
93,11,0.016293279022403257,0.7777777777777778
93,12,0.016293279022403257,0.7777777777777778
93,13,0.016293279022403257,0.7777777777777778
93,14,0.02240325865580448,0.7777777777777778
93,15,0.026476578411405296,0.7777777777777778
93,16,0.026476578411405296,0.8888888888888888
93,17,0.028513238289205704,0.8888888888888888
93,18,0.034623217922606926,0.8888888888888888
93,19,0.034623217922606926,0.8888888888888888
93,20,0.034623217922606926,0.8888888888888888
93,21,0.03665987780040733,0.8888888888888888
93,22,0.038696537678207736,0.8888888888888888
93,23,0.04480651731160896,0.8888888888888888
93,24,0.05295315682281059,0.8888888888888888
93,25,0.06517311608961303,0.8888888888888888
93,26,0.06924643584521385,0.8888888888888888
93,27,0.07331975560081466,0.8888888888888888
93,28,0.07942973523421588,0.8888888888888888
93,29,0.0855397148676171,0.8888888888888888
93,30,0.09775967413441955,0.8888888888888888
93,31,0.109979633401222,0.8888888888888888
93,32,0.12016293279022404,0.8888888888888888
93,33,0.14052953156822812,0.8888888888888888
93,34,0.15071283095723015,0.8888888888888888
93,35,0.15478615071283094,0.8888888888888888
93,36,0.1710794297352342,0.8888888888888888
93,37,0.19959266802443992,0.8888888888888888
93,38,0.21181262729124237,0.8888888888888888
93,39,0.23217922606924643,0.8888888888888888
93,40,0.2525458248472505,0.8888888888888888
93,41,0.2790224032586558,0.8888888888888888
93,42,0.3014256619144603,0.8888888888888888
93,43,0.3360488798370672,0.8888888888888888
93,44,0.3543788187372709,0.8888888888888888
93,45,0.39918533604887985,0.8888888888888888
93,46,0.4317718940936864,0.8888888888888888
93,47,0.4725050916496945,0.8888888888888888
93,48,0.5682281059063137,1.0
93,49,0.9918533604887984,1.0
94,0,0.0,0.0
94,1,0.004073319755600814,0.3333333333333333
94,2,0.004073319755600814,0.3333333333333333
94,3,0.006109979633401222,0.4444444444444444
94,4,0.008146639511201629,0.5555555555555556
94,5,0.012219959266802444,0.5555555555555556
94,6,0.012219959266802444,0.5555555555555556
94,7,0.012219959266802444,0.6666666666666666
94,8,0.012219959266802444,0.6666666666666666
94,9,0.014256619144602852,0.7777777777777778
94,10,0.014256619144602852,0.7777777777777778
94,11,0.016293279022403257,0.7777777777777778
94,12,0.016293279022403257,0.7777777777777778
94,13,0.016293279022403257,0.7777777777777778
94,14,0.02240325865580448,0.7777777777777778
94,15,0.026476578411405296,0.7777777777777778
94,16,0.026476578411405296,0.8888888888888888
94,17,0.028513238289205704,0.8888888888888888
94,18,0.034623217922606926,0.8888888888888888
94,19,0.034623217922606926,0.8888888888888888
94,20,0.034623217922606926,0.8888888888888888
94,21,0.03665987780040733,0.8888888888888888
94,22,0.038696537678207736,0.8888888888888888
94,23,0.04480651731160896,0.8888888888888888
94,24,0.05295315682281059,0.8888888888888888
94,25,0.06517311608961303,0.8888888888888888
94,26,0.06924643584521385,0.8888888888888888
94,27,0.07331975560081466,0.8888888888888888
94,28,0.07942973523421588,0.8888888888888888
94,29,0.0855397148676171,0.8888888888888888
94,30,0.09775967413441955,0.8888888888888888
94,31,0.109979633401222,0.8888888888888888
94,32,0.12016293279022404,0.8888888888888888
94,33,0.14052953156822812,0.8888888888888888
94,34,0.15071283095723015,0.8888888888888888
94,35,0.15478615071283094,0.8888888888888888
94,36,0.1710794297352342,0.8888888888888888
94,37,0.19959266802443992,0.8888888888888888
94,38,0.21181262729124237,0.8888888888888888
94,39,0.23217922606924643,0.8888888888888888
94,40,0.2525458248472505,0.8888888888888888
94,41,0.2790224032586558,0.8888888888888888
94,42,0.3014256619144603,0.8888888888888888
94,43,0.3360488798370672,0.8888888888888888
94,44,0.3543788187372709,0.8888888888888888
94,45,0.39918533604887985,0.8888888888888888
94,46,0.4317718940936864,0.8888888888888888
94,47,0.4725050916496945,0.8888888888888888
94,48,0.5682281059063137,1.0
94,49,0.9918533604887984,1.0
95,0,0.0,0.0
95,1,0.004073319755600814,0.3333333333333333
95,2,0.004073319755600814,0.3333333333333333
95,3,0.006109979633401222,0.4444444444444444
95,4,0.008146639511201629,0.5555555555555556
95,5,0.012219959266802444,0.5555555555555556
95,6,0.012219959266802444,0.5555555555555556
95,7,0.012219959266802444,0.6666666666666666
95,8,0.012219959266802444,0.6666666666666666
95,9,0.014256619144602852,0.7777777777777778
95,10,0.014256619144602852,0.7777777777777778
95,11,0.016293279022403257,0.7777777777777778
95,12,0.016293279022403257,0.7777777777777778
95,13,0.016293279022403257,0.7777777777777778
95,14,0.02240325865580448,0.7777777777777778
95,15,0.026476578411405296,0.7777777777777778
95,16,0.026476578411405296,0.8888888888888888
95,17,0.028513238289205704,0.8888888888888888
95,18,0.034623217922606926,0.8888888888888888
95,19,0.034623217922606926,0.8888888888888888
95,20,0.034623217922606926,0.8888888888888888
95,21,0.03665987780040733,0.8888888888888888
95,22,0.038696537678207736,0.8888888888888888
95,23,0.04480651731160896,0.8888888888888888
95,24,0.05295315682281059,0.8888888888888888
95,25,0.06517311608961303,0.8888888888888888
95,26,0.06924643584521385,0.8888888888888888
95,27,0.07331975560081466,0.8888888888888888
95,28,0.07942973523421588,0.8888888888888888
95,29,0.0855397148676171,0.8888888888888888
95,30,0.09775967413441955,0.8888888888888888
95,31,0.109979633401222,0.8888888888888888
95,32,0.12016293279022404,0.8888888888888888
95,33,0.14052953156822812,0.8888888888888888
95,34,0.15071283095723015,0.8888888888888888
95,35,0.15478615071283094,0.8888888888888888
95,36,0.1710794297352342,0.8888888888888888
95,37,0.19959266802443992,0.8888888888888888
95,38,0.21181262729124237,0.8888888888888888
95,39,0.23217922606924643,0.8888888888888888
95,40,0.2525458248472505,0.8888888888888888
95,41,0.2790224032586558,0.8888888888888888
95,42,0.3014256619144603,0.8888888888888888
95,43,0.3360488798370672,0.8888888888888888
95,44,0.3543788187372709,0.8888888888888888
95,45,0.39918533604887985,0.8888888888888888
95,46,0.4317718940936864,0.8888888888888888
95,47,0.4725050916496945,0.8888888888888888
95,48,0.5682281059063137,1.0
95,49,0.9918533604887984,1.0
96,0,0.0,0.0
96,1,0.004073319755600814,0.3333333333333333
96,2,0.004073319755600814,0.3333333333333333
96,3,0.006109979633401222,0.4444444444444444
96,4,0.008146639511201629,0.5555555555555556
96,5,0.012219959266802444,0.5555555555555556
96,6,0.012219959266802444,0.5555555555555556
96,7,0.012219959266802444,0.6666666666666666
96,8,0.012219959266802444,0.6666666666666666
96,9,0.014256619144602852,0.7777777777777778
96,10,0.014256619144602852,0.7777777777777778
96,11,0.016293279022403257,0.7777777777777778
96,12,0.016293279022403257,0.7777777777777778
96,13,0.016293279022403257,0.7777777777777778
96,14,0.02240325865580448,0.7777777777777778
96,15,0.026476578411405296,0.7777777777777778
96,16,0.026476578411405296,0.8888888888888888
96,17,0.028513238289205704,0.8888888888888888
96,18,0.034623217922606926,0.8888888888888888
96,19,0.034623217922606926,0.8888888888888888
96,20,0.034623217922606926,0.8888888888888888
96,21,0.03665987780040733,0.8888888888888888
96,22,0.038696537678207736,0.8888888888888888
96,23,0.04480651731160896,0.8888888888888888
96,24,0.05295315682281059,0.8888888888888888
96,25,0.06517311608961303,0.8888888888888888
96,26,0.06924643584521385,0.8888888888888888
96,27,0.07331975560081466,0.8888888888888888
96,28,0.07942973523421588,0.8888888888888888
96,29,0.0855397148676171,0.8888888888888888
96,30,0.09775967413441955,0.8888888888888888
96,31,0.109979633401222,0.8888888888888888
96,32,0.12016293279022404,0.8888888888888888
96,33,0.14052953156822812,0.8888888888888888
96,34,0.15071283095723015,0.8888888888888888
96,35,0.15478615071283094,0.8888888888888888
96,36,0.1710794297352342,0.8888888888888888
96,37,0.19959266802443992,0.8888888888888888
96,38,0.21181262729124237,0.8888888888888888
96,39,0.23217922606924643,0.8888888888888888
96,40,0.2525458248472505,0.8888888888888888
96,41,0.2790224032586558,0.8888888888888888
96,42,0.3014256619144603,0.8888888888888888
96,43,0.3360488798370672,0.8888888888888888
96,44,0.3543788187372709,0.8888888888888888
96,45,0.39918533604887985,0.8888888888888888
96,46,0.4317718940936864,0.8888888888888888
96,47,0.4725050916496945,0.8888888888888888
96,48,0.5682281059063137,1.0
96,49,0.9918533604887984,1.0
97,0,0.0,0.0
97,1,0.004073319755600814,0.3333333333333333
97,2,0.004073319755600814,0.3333333333333333
97,3,0.006109979633401222,0.4444444444444444
97,4,0.008146639511201629,0.5555555555555556
97,5,0.012219959266802444,0.5555555555555556
97,6,0.012219959266802444,0.5555555555555556
97,7,0.012219959266802444,0.6666666666666666
97,8,0.012219959266802444,0.6666666666666666
97,9,0.014256619144602852,0.7777777777777778
97,10,0.014256619144602852,0.7777777777777778
97,11,0.016293279022403257,0.7777777777777778
97,12,0.016293279022403257,0.7777777777777778
97,13,0.016293279022403257,0.7777777777777778
97,14,0.02240325865580448,0.7777777777777778
97,15,0.026476578411405296,0.7777777777777778
97,16,0.026476578411405296,0.8888888888888888
97,17,0.028513238289205704,0.8888888888888888
97,18,0.034623217922606926,0.8888888888888888
97,19,0.034623217922606926,0.8888888888888888
97,20,0.034623217922606926,0.8888888888888888
97,21,0.03665987780040733,0.8888888888888888
97,22,0.038696537678207736,0.8888888888888888
97,23,0.04480651731160896,0.8888888888888888
97,24,0.05295315682281059,0.8888888888888888
97,25,0.06517311608961303,0.8888888888888888
97,26,0.06924643584521385,0.8888888888888888
97,27,0.07331975560081466,0.8888888888888888
97,28,0.07942973523421588,0.8888888888888888
97,29,0.0855397148676171,0.8888888888888888
97,30,0.09775967413441955,0.8888888888888888
97,31,0.109979633401222,0.8888888888888888
97,32,0.12016293279022404,0.8888888888888888
97,33,0.14052953156822812,0.8888888888888888
97,34,0.15071283095723015,0.8888888888888888
97,35,0.15478615071283094,0.8888888888888888
97,36,0.1710794297352342,0.8888888888888888
97,37,0.19959266802443992,0.8888888888888888
97,38,0.21181262729124237,0.8888888888888888
97,39,0.23217922606924643,0.8888888888888888
97,40,0.2525458248472505,0.8888888888888888
97,41,0.2790224032586558,0.8888888888888888
97,42,0.3014256619144603,0.8888888888888888
97,43,0.3360488798370672,0.8888888888888888
97,44,0.3543788187372709,0.8888888888888888
97,45,0.39918533604887985,0.8888888888888888
97,46,0.4317718940936864,0.8888888888888888
97,47,0.4725050916496945,0.8888888888888888
97,48,0.5682281059063137,1.0
97,49,0.9918533604887984,1.0
98,0,0.0,0.0
98,1,0.004073319755600814,0.3333333333333333
98,2,0.004073319755600814,0.3333333333333333
98,3,0.006109979633401222,0.4444444444444444
98,4,0.008146639511201629,0.5555555555555556
98,5,0.012219959266802444,0.5555555555555556
98,6,0.012219959266802444,0.5555555555555556
98,7,0.012219959266802444,0.6666666666666666
98,8,0.012219959266802444,0.6666666666666666
98,9,0.014256619144602852,0.7777777777777778
98,10,0.014256619144602852,0.7777777777777778
98,11,0.016293279022403257,0.7777777777777778
98,12,0.016293279022403257,0.7777777777777778
98,13,0.016293279022403257,0.7777777777777778
98,14,0.02240325865580448,0.7777777777777778
98,15,0.026476578411405296,0.7777777777777778
98,16,0.026476578411405296,0.8888888888888888
98,17,0.028513238289205704,0.8888888888888888
98,18,0.034623217922606926,0.8888888888888888
98,19,0.034623217922606926,0.8888888888888888
98,20,0.034623217922606926,0.8888888888888888
98,21,0.03665987780040733,0.8888888888888888
98,22,0.038696537678207736,0.8888888888888888
98,23,0.04480651731160896,0.8888888888888888
98,24,0.05295315682281059,0.8888888888888888
98,25,0.06517311608961303,0.8888888888888888
98,26,0.06924643584521385,0.8888888888888888
98,27,0.07331975560081466,0.8888888888888888
98,28,0.07942973523421588,0.8888888888888888
98,29,0.0855397148676171,0.8888888888888888
98,30,0.09775967413441955,0.8888888888888888
98,31,0.109979633401222,0.8888888888888888
98,32,0.12016293279022404,0.8888888888888888
98,33,0.14052953156822812,0.8888888888888888
98,34,0.15071283095723015,0.8888888888888888
98,35,0.15478615071283094,0.8888888888888888
98,36,0.1710794297352342,0.8888888888888888
98,37,0.19959266802443992,0.8888888888888888
98,38,0.21181262729124237,0.8888888888888888
98,39,0.23217922606924643,0.8888888888888888
98,40,0.2525458248472505,0.8888888888888888
98,41,0.2790224032586558,0.8888888888888888
98,42,0.3014256619144603,0.8888888888888888
98,43,0.3360488798370672,0.8888888888888888
98,44,0.3543788187372709,0.8888888888888888
98,45,0.39918533604887985,0.8888888888888888
98,46,0.4317718940936864,0.8888888888888888
98,47,0.4725050916496945,0.8888888888888888
98,48,0.5682281059063137,1.0
98,49,0.9918533604887984,1.0
99,0,0.0,0.0
99,1,0.004073319755600814,0.3333333333333333
99,2,0.004073319755600814,0.3333333333333333
99,3,0.006109979633401222,0.4444444444444444
99,4,0.008146639511201629,0.5555555555555556
99,5,0.012219959266802444,0.5555555555555556
99,6,0.012219959266802444,0.5555555555555556
99,7,0.012219959266802444,0.6666666666666666
99,8,0.012219959266802444,0.6666666666666666
99,9,0.014256619144602852,0.7777777777777778
99,10,0.014256619144602852,0.7777777777777778
99,11,0.016293279022403257,0.7777777777777778
99,12,0.016293279022403257,0.7777777777777778
99,13,0.016293279022403257,0.7777777777777778
99,14,0.02240325865580448,0.7777777777777778
99,15,0.026476578411405296,0.7777777777777778
99,16,0.026476578411405296,0.8888888888888888
99,17,0.028513238289205704,0.8888888888888888
99,18,0.034623217922606926,0.8888888888888888
99,19,0.034623217922606926,0.8888888888888888
99,20,0.034623217922606926,0.8888888888888888
99,21,0.03665987780040733,0.8888888888888888
99,22,0.038696537678207736,0.8888888888888888
99,23,0.04480651731160896,0.8888888888888888
99,24,0.05295315682281059,0.8888888888888888
99,25,0.06517311608961303,0.8888888888888888
99,26,0.06924643584521385,0.8888888888888888
99,27,0.07331975560081466,0.8888888888888888
99,28,0.07942973523421588,0.8888888888888888
99,29,0.0855397148676171,0.8888888888888888
99,30,0.09775967413441955,0.8888888888888888
99,31,0.109979633401222,0.8888888888888888
99,32,0.12016293279022404,0.8888888888888888
99,33,0.14052953156822812,0.8888888888888888
99,34,0.15071283095723015,0.8888888888888888
99,35,0.15478615071283094,0.8888888888888888
99,36,0.1710794297352342,0.8888888888888888
99,37,0.19959266802443992,0.8888888888888888
99,38,0.21181262729124237,0.8888888888888888
99,39,0.23217922606924643,0.8888888888888888
99,40,0.2525458248472505,0.8888888888888888
99,41,0.2790224032586558,0.8888888888888888
99,42,0.3014256619144603,0.8888888888888888
99,43,0.3360488798370672,0.8888888888888888
99,44,0.3543788187372709,0.8888888888888888
99,45,0.39918533604887985,0.8888888888888888
99,46,0.4317718940936864,0.8888888888888888
99,47,0.4725050916496945,0.8888888888888888
99,48,0.5682281059063137,1.0
99,49,0.9918533604887984,1.0
100,0,0.0,0.0
100,1,0.004073319755600814,0.3333333333333333
100,2,0.004073319755600814,0.3333333333333333
100,3,0.006109979633401222,0.4444444444444444
100,4,0.008146639511201629,0.5555555555555556
100,5,0.012219959266802444,0.5555555555555556
100,6,0.012219959266802444,0.5555555555555556
100,7,0.012219959266802444,0.6666666666666666
100,8,0.012219959266802444,0.6666666666666666
100,9,0.014256619144602852,0.7777777777777778
100,10,0.014256619144602852,0.7777777777777778
100,11,0.016293279022403257,0.7777777777777778
100,12,0.016293279022403257,0.7777777777777778
100,13,0.016293279022403257,0.7777777777777778
100,14,0.02240325865580448,0.7777777777777778
100,15,0.026476578411405296,0.7777777777777778
100,16,0.026476578411405296,0.8888888888888888
100,17,0.028513238289205704,0.8888888888888888
100,18,0.034623217922606926,0.8888888888888888
100,19,0.034623217922606926,0.8888888888888888
100,20,0.034623217922606926,0.8888888888888888
100,21,0.03665987780040733,0.8888888888888888
100,22,0.038696537678207736,0.8888888888888888
100,23,0.04480651731160896,0.8888888888888888
100,24,0.05295315682281059,0.8888888888888888
100,25,0.06517311608961303,0.8888888888888888
100,26,0.06924643584521385,0.8888888888888888
100,27,0.07331975560081466,0.8888888888888888
100,28,0.07942973523421588,0.8888888888888888
100,29,0.0855397148676171,0.8888888888888888
100,30,0.09775967413441955,0.8888888888888888
100,31,0.109979633401222,0.8888888888888888
100,32,0.12016293279022404,0.8888888888888888
100,33,0.14052953156822812,0.8888888888888888
100,34,0.15071283095723015,0.8888888888888888
100,35,0.15478615071283094,0.8888888888888888
100,36,0.1710794297352342,0.8888888888888888
100,37,0.19959266802443992,0.8888888888888888
100,38,0.21181262729124237,0.8888888888888888
100,39,0.23217922606924643,0.8888888888888888
100,40,0.2525458248472505,0.8888888888888888
100,41,0.2790224032586558,0.8888888888888888
100,42,0.3014256619144603,0.8888888888888888
100,43,0.3360488798370672,0.8888888888888888
100,44,0.3543788187372709,0.8888888888888888
100,45,0.39918533604887985,0.8888888888888888
100,46,0.4317718940936864,0.8888888888888888
100,47,0.4725050916496945,0.8888888888888888
100,48,0.5682281059063137,1.0
100,49,0.9918533604887984,1.0
